pid,clicks,visit_time,purchases,cat1,cat2
6,11627,32047,401,Clothing,Clothing
7,11247,31888,403,Books,Books
8,11473,33117,305,Automotive,Automotive
9,11415,34181,461,Sports,Sports
10,10483,31996,446,Automotive,Automotive
11,10832,32588,338,Automotive,Automotive
12,9456,28912,296,Toys,Toys
13,11045,32614,337,Electronics,Electronics
14,11175,30158,387,Books,Books
15,10722,32898,406,Home & Kitchen,Home & Kitchen
16,11640,36126,379,Electronics,Electronics
17,8735,25773,312,Automotive,Automotive
18,9906,30919,376,Toys,Toys
19,11569,32106,466,Electronics,Electronics
20,11709,35094,317,Clothing,Clothing
21,10803,32002,284,Electronics,Electronics
22,11603,36820,344,Clothing,Clothing
23,12230,37753,446,Electronics,Electronics
24,9949,31329,366,Home & Kitchen,Home & Kitchen
25,11066,34025,302,Toys,Toys
26,10818,33300,391,Electronics,Electronics
27,9759,29150,331,Electronics,Electronics
28,11112,34436,470,Home & Kitchen,Home & Kitchen
29,9830,32197,329,Automotive,Automotive
30,10693,28148,294,Automotive,Automotive
31,8780,28400,298,Electronics,Electronics
32,9828,28784,347,Clothing,Clothing
33,11458,33898,288,Automotive,Automotive
34,13363,34262,422,Electronics,Electronics
35,10656,34500,408,Home & Kitchen,Home & Kitchen
36,12686,35695,403,Automotive,Automotive
37,10421,30676,364,Automotive,Automotive
38,11004,33840,399,Automotive,Automotive
39,11061,32658,345,Sports,Sports
40,10261,28458,357,Electronics,Electronics
41,11186,34138,388,Home & Kitchen,Home & Kitchen
42,12236,36852,406,Sports,Sports
43,12168,36013,354,Sports,Sports
44,11510,35867,375,Home & Kitchen,Home & Kitchen
45,10494,30259,398,Toys,Toys
46,11655,32741,349,Electronics,Electronics
47,10269,27292,290,Toys,Toys
48,10552,33445,430,Electronics,Electronics
49,11670,32982,315,Automotive,Automotive
50,11987,32889,362,Home & Kitchen,Home & Kitchen
51,10371,30928,350,Toys,Toys
52,11140,33659,335,Books,Books
53,10808,33002,381,Home & Kitchen,Home & Kitchen
54,10911,32659,414,Clothing,Clothing
55,10829,30451,400,Books,Books
56,10943,33194,342,Electronics,Electronics
57,9749,29402,299,Automotive,Automotive
58,10049,31596,370,Home & Kitchen,Home & Kitchen
59,11744,34338,335,Electronics,Electronics
60,10700,33578,439,Clothing,Clothing
61,12819,35957,368,Books,Books
62,11442,32421,386,Electronics,Electronics
63,10557,28540,455,Home & Kitchen,Home & Kitchen
64,9922,31897,412,Toys,Toys
65,12360,40220,388,Home & Kitchen,Home & Kitchen
66,12123,34869,453,Books,Books
67,10924,32729,366,Home & Kitchen,Home & Kitchen
68,11301,33761,330,Automotive,Automotive
69,11402,36228,399,Clothing,Clothing
70,12601,37335,333,Toys,Toys
71,12023,33363,380,Automotive,Automotive
72,11587,34518,354,Sports,Sports
73,10331,31910,367,Sports,Sports
74,12220,35015,396,Automotive,Automotive
75,10472,29831,283,Sports,Sports
76,10257,31645,314,Electronics,Electronics
77,11939,33475,354,Home & Kitchen,Home & Kitchen
78,11739,35201,436,Automotive,Automotive
79,11541,33855,500,Toys,Toys
80,11262,34217,348,Home & Kitchen,Home & Kitchen
81,10716,31926,338,Toys,Toys
82,12130,37825,402,Home & Kitchen,Home & Kitchen
83,10231,29486,266,Sports,Sports
84,11155,36056,424,Clothing,Clothing
85,11597,33965,406,Automotive,Automotive
86,10936,32074,356,Sports,Sports
87,10455,32951,240,Automotive,Automotive
88,10431,32274,299,Sports,Sports
89,13442,39564,408,Sports,Sports
90,10113,29039,382,Books,Books
91,10147,36577,341,Clothing,Clothing
92,10826,36299,395,Clothing,Clothing
93,11319,35142,354,Books,Books
94,11080,30796,371,Home & Kitchen,Home & Kitchen
95,11164,32238,312,Electronics,Electronics
96,10686,29964,297,Sports,Sports
97,12707,38850,496,Home & Kitchen,Home & Kitchen
98,11138,32524,346,Toys,Toys
99,11038,29928,364,Sports,Sports
100,11935,34701,445,Toys,Toys
101,11975,36238,340,Automotive,Automotive
102,9826,30332,327,Clothing,Clothing
103,10765,30849,384,Sports,Sports
104,11109,35508,378,Home & Kitchen,Home & Kitchen
105,11418,35395,336,Electronics,Electronics
106,10290,29209,314,Toys,Toys
107,9588,30282,327,Sports,Sports
108,10495,34555,395,Toys,Toys
109,11810,36584,404,Books,Books
110,10526,31358,384,Books,Books
111,12015,36443,453,Books,Books
112,11308,28160,361,Home & Kitchen,Home & Kitchen
113,10243,30350,276,Home & Kitchen,Home & Kitchen
114,10973,30265,396,Books,Books
115,10874,32611,380,Clothing,Clothing
116,11429,34745,344,Clothing,Clothing
117,10567,31018,356,Toys,Toys
118,11306,32232,360,Books,Books
119,12165,32776,300,Clothing,Clothing
120,10991,35919,328,Books,Books
121,10218,31084,312,Home & Kitchen,Home & Kitchen
122,11609,32764,391,Clothing,Clothing
123,11331,30431,329,Automotive,Automotive
124,11493,30786,426,Sports,Sports
125,10501,33390,248,Automotive,Automotive
126,8587,23574,192,Sports,Sports
127,9288,27644,275,Clothing,Clothing
128,10347,31808,313,Books,Books
129,9481,27521,322,Books,Books
130,10322,31278,324,Books,Books
131,11437,32539,398,Automotive,Automotive
132,10945,35048,315,Home & Kitchen,Home & Kitchen
133,11281,33090,398,Automotive,Automotive
134,11029,36507,314,Clothing,Clothing
135,11544,34577,406,Home & Kitchen,Home & Kitchen
136,9793,31398,312,Toys,Toys
137,11235,32976,344,Toys,Toys
138,12337,39164,380,Sports,Sports
139,11674,30739,423,Automotive,Automotive
140,10884,33675,325,Automotive,Automotive
141,11227,34148,380,Clothing,Clothing
142,10447,29786,414,Toys,Toys
143,9630,27936,348,Home & Kitchen,Home & Kitchen
144,10028,27714,294,Clothing,Clothing
145,9800,29915,328,Sports,Sports
146,11398,36142,360,Clothing,Clothing
147,11947,35105,402,Books,Books
148,12742,39043,405,Books,Books
149,9730,28334,281,Toys,Toys
150,12167,32127,336,Electronics,Electronics
151,9466,27311,306,Toys,Toys
152,10258,32371,282,Automotive,Automotive
153,9898,30378,378,Sports,Sports
154,11228,36026,465,Books,Books
155,12090,34257,433,Automotive,Automotive
156,10913,29006,321,Sports,Sports
157,11787,33043,274,Books,Books
158,10429,30795,370,Electronics,Electronics
159,10393,28941,295,Electronics,Electronics
160,9995,33715,319,Sports,Sports
161,11157,34306,425,Books,Books
162,9658,31457,309,Electronics,Electronics
163,10501,27575,328,Books,Books
164,10686,33456,371,Home & Kitchen,Home & Kitchen
165,12383,34436,413,Automotive,Automotive
166,12128,34950,371,Home & Kitchen,Home & Kitchen
167,12557,35635,454,Automotive,Automotive
168,12475,33903,481,Electronics,Electronics
169,10460,30994,406,Sports,Sports
170,10340,34235,368,Sports,Sports
171,10699,30364,384,Sports,Sports
172,11441,34115,325,Home & Kitchen,Home & Kitchen
173,9306,29186,299,Sports,Sports
174,10232,32121,276,Electronics,Electronics
175,10302,29071,306,Toys,Toys
176,11562,36904,349,Toys,Toys
177,10258,29488,303,Electronics,Electronics
178,10841,32925,432,Home & Kitchen,Home & Kitchen
179,10796,30879,437,Books,Books
180,10811,32835,323,Home & Kitchen,Home & Kitchen
181,11841,34615,362,Books,Books
182,9936,28248,243,Automotive,Automotive
183,10571,31323,317,Clothing,Clothing
184,11013,32527,356,Home & Kitchen,Home & Kitchen
185,10566,34423,387,Clothing,Clothing
186,11413,36207,356,Home & Kitchen,Home & Kitchen
187,10436,34074,391,Home & Kitchen,Home & Kitchen
188,11300,35849,363,Books,Books
189,10637,30880,312,Books,Books
190,11114,32910,374,Toys,Toys
191,10780,34044,420,Electronics,Electronics
192,12696,41137,420,Home & Kitchen,Home & Kitchen
193,11530,34045,384,Books,Books
194,10400,32965,302,Automotive,Automotive
195,12090,35827,396,Toys,Toys
196,9736,25975,266,Sports,Sports
197,10512,33031,387,Books,Books
198,10686,32519,412,Electronics,Electronics
199,10616,30587,308,Books,Books
200,10613,33367,319,Sports,Sports
201,9868,31834,317,Automotive,Automotive
202,11688,35182,383,Electronics,Electronics
203,9778,29725,293,Automotive,Automotive
204,10985,34033,389,Automotive,Automotive
205,10912,33952,403,Clothing,Clothing
206,12145,36344,364,Electronics,Electronics
207,11067,31026,350,Books,Books
208,11084,33290,456,Sports,Sports
209,12588,37491,408,Automotive,Automotive
210,10337,31883,391,Books,Books
211,10050,33399,417,Electronics,Electronics
212,9762,29603,253,Clothing,Clothing
213,11006,29408,344,Electronics,Electronics
214,11954,34761,357,Clothing,Clothing
215,11645,34580,393,Home & Kitchen,Home & Kitchen
216,12340,37737,376,Clothing,Clothing
217,10889,31098,351,Electronics,Electronics
218,10962,35020,404,Toys,Toys
219,11944,34302,410,Clothing,Clothing
220,11840,35525,313,Automotive,Automotive
221,10488,33611,374,Toys,Toys
222,11141,32207,390,Electronics,Electronics
223,10347,33196,371,Sports,Sports
224,10659,34160,375,Electronics,Electronics
225,11436,34031,369,Electronics,Electronics
226,9906,25699,377,Sports,Sports
227,10638,30635,409,Home & Kitchen,Home & Kitchen
228,11043,31835,307,Automotive,Automotive
229,11742,37765,412,Toys,Toys
230,10667,31612,294,Sports,Sports
231,12440,34300,361,Electronics,Electronics
232,12208,36642,324,Home & Kitchen,Home & Kitchen
233,10046,28738,397,Clothing,Clothing
234,11364,30893,344,Books,Books
235,11141,33339,396,Automotive,Automotive
236,11279,30944,397,Books,Books
237,10457,32286,311,Toys,Toys
238,10719,33969,339,Sports,Sports
239,10466,31527,304,Books,Books
240,10957,34329,348,Toys,Toys
241,13368,37603,399,Toys,Toys
242,11194,34375,416,Toys,Toys
243,11665,31249,326,Sports,Sports
244,10282,32915,364,Clothing,Clothing
245,9898,32596,315,Electronics,Electronics
246,11553,31738,310,Books,Books
247,11141,32287,344,Home & Kitchen,Home & Kitchen
248,11656,34418,360,Clothing,Clothing
249,10754,30799,291,Toys,Toys
250,10696,32434,371,Automotive,Automotive
251,11362,31542,378,Home & Kitchen,Home & Kitchen
252,10950,32173,370,Automotive,Automotive
253,10452,33088,316,Books,Books
254,10177,31009,296,Sports,Sports
255,9812,29612,306,Toys,Toys
256,10893,33211,393,Electronics,Electronics
257,9241,26862,263,Toys,Toys
258,10175,30237,307,Home & Kitchen,Home & Kitchen
259,11562,35568,365,Electronics,Electronics
260,10028,31555,332,Automotive,Automotive
261,11093,35197,410,Automotive,Automotive
262,10147,31064,358,Sports,Sports
263,10783,34170,453,Home & Kitchen,Home & Kitchen
264,10879,33006,318,Automotive,Automotive
265,10939,32110,341,Automotive,Automotive
266,9898,27068,304,Books,Books
267,9610,29300,380,Electronics,Electronics
268,10041,32801,327,Sports,Sports
269,12166,38599,329,Toys,Toys
270,10980,33513,474,Clothing,Clothing
271,9604,32428,350,Sports,Sports
272,9831,29643,356,Electronics,Electronics
273,11054,34593,301,Automotive,Automotive
274,10829,32801,442,Electronics,Electronics
275,11439,31883,299,Books,Books
276,11066,34206,313,Electronics,Electronics
277,10226,30045,370,Clothing,Clothing
278,11904,36073,447,Sports,Sports
279,12142,36145,460,Home & Kitchen,Home & Kitchen
280,10092,27101,256,Automotive,Automotive
281,10280,27593,379,Toys,Toys
282,9360,29050,299,Toys,Toys
283,11774,36340,324,Automotive,Automotive
284,11897,33638,337,Electronics,Electronics
285,10197,29891,368,Books,Books
286,12241,32699,317,Home & Kitchen,Home & Kitchen
287,10648,30889,376,Sports,Sports
288,10392,31544,369,Books,Books
289,11181,34307,384,Home & Kitchen,Home & Kitchen
290,9367,27643,291,Automotive,Automotive
291,9857,28315,270,Automotive,Automotive
292,10047,28516,335,Toys,Toys
293,10857,32112,346,Electronics,Electronics
294,11899,37073,426,Toys,Toys
295,10467,30219,293,Home & Kitchen,Home & Kitchen
296,10496,31905,439,Automotive,Automotive
297,10599,32623,351,Books,Books
298,10005,29846,353,Home & Kitchen,Home & Kitchen
299,10952,32265,326,Electronics,Electronics
300,12528,35925,408,Automotive,Automotive
301,11100,33640,332,Electronics,Electronics
302,11835,36329,336,Toys,Toys
303,12424,32356,374,Home & Kitchen,Home & Kitchen
304,11062,31367,305,Automotive,Automotive
305,11279,32910,459,Clothing,Clothing
306,10093,31407,374,Sports,Sports
307,10460,34140,377,Sports,Sports
308,10360,30253,324,Electronics,Electronics
309,11812,33532,425,Toys,Toys
310,11286,34389,335,Sports,Sports
311,9432,29241,308,Sports,Sports
312,11257,34441,320,Home & Kitchen,Home & Kitchen
313,11681,34126,418,Books,Books
314,11114,35761,379,Books,Books
315,11239,34548,304,Home & Kitchen,Home & Kitchen
316,10793,31882,307,Toys,Toys
317,12319,37337,458,Automotive,Automotive
318,9742,29598,356,Automotive,Automotive
319,12840,38995,378,Clothing,Clothing
320,11591,32950,383,Books,Books
321,10621,33008,361,Automotive,Automotive
322,11775,33711,304,Home & Kitchen,Home & Kitchen
323,12247,35361,414,Toys,Toys
324,10275,32589,289,Home & Kitchen,Home & Kitchen
325,9356,31184,353,Clothing,Clothing
326,11645,35157,331,Clothing,Clothing
327,12502,35924,397,Toys,Toys
328,11890,33338,384,Electronics,Electronics
329,11089,35225,389,Books,Books
330,10370,27113,341,Sports,Sports
331,10378,31665,360,Automotive,Automotive
332,10782,35083,424,Toys,Toys
333,12400,36742,404,Books,Books
334,11187,34469,342,Home & Kitchen,Home & Kitchen
335,11820,35129,372,Electronics,Electronics
336,11121,37260,470,Sports,Sports
337,11107,34644,356,Sports,Sports
338,11431,37198,510,Books,Books
339,10856,31662,395,Electronics,Electronics
340,9925,30767,331,Automotive,Automotive
341,11527,33333,326,Books,Books
342,10840,32006,408,Books,Books
343,10226,31199,396,Clothing,Clothing
344,9215,27661,329,Toys,Toys
345,10458,34051,356,Clothing,Clothing
346,11578,30572,333,Automotive,Automotive
347,10614,31735,276,Sports,Sports
348,9959,30716,363,Books,Books
349,9582,30429,394,Clothing,Clothing
350,10586,30494,302,Books,Books
351,11824,35254,439,Automotive,Automotive
352,9878,31231,366,Clothing,Clothing
353,12098,33775,367,Electronics,Electronics
354,10848,31623,367,Automotive,Automotive
355,11169,33525,412,Books,Books
356,10013,30781,322,Clothing,Clothing
357,10737,31974,428,Books,Books
358,11762,34157,419,Books,Books
359,10738,33456,457,Clothing,Clothing
360,12623,34602,391,Toys,Toys
361,12967,35672,362,Sports,Sports
362,10365,33320,327,Toys,Toys
363,10053,28553,375,Home & Kitchen,Home & Kitchen
364,12044,34397,520,Electronics,Electronics
365,11592,35612,357,Toys,Toys
366,10509,32158,359,Clothing,Clothing
367,10123,34933,351,Home & Kitchen,Home & Kitchen
368,9598,27713,318,Sports,Sports
369,11455,34557,372,Toys,Toys
370,10807,31359,332,Sports,Sports
371,11103,31200,358,Toys,Toys
372,10118,30007,326,Toys,Toys
373,10180,29210,308,Books,Books
374,10667,31566,332,Books,Books
375,10666,31867,353,Electronics,Electronics
376,10211,29713,225,Sports,Sports
377,11390,34692,453,Clothing,Clothing
378,12518,38095,436,Toys,Toys
379,10989,34265,347,Sports,Sports
380,9658,28470,384,Books,Books
381,10245,32633,325,Electronics,Electronics
382,11609,34259,337,Automotive,Automotive
383,11248,36015,356,Toys,Toys
384,10628,31822,268,Clothing,Clothing
385,11014,31615,368,Sports,Sports
386,11176,30733,339,Electronics,Electronics
387,11490,34960,412,Books,Books
388,10932,31319,364,Books,Books
389,11161,30980,338,Books,Books
390,11654,34470,403,Books,Books
391,11151,32592,369,Books,Books
392,9037,26763,313,Automotive,Automotive
393,10429,31969,354,Books,Books
394,10473,32976,374,Automotive,Automotive
395,11568,36309,366,Automotive,Automotive
396,9687,30209,375,Electronics,Electronics
397,10857,34926,428,Books,Books
398,11508,32568,382,Toys,Toys
399,10536,33726,288,Automotive,Automotive
400,11744,37830,391,Home & Kitchen,Home & Kitchen
401,9818,29929,268,Clothing,Clothing
402,10421,29546,409,Toys,Toys
403,11547,33018,381,Books,Books
404,10851,32166,331,Automotive,Automotive
405,10048,30398,394,Clothing,Clothing
406,10895,33950,351,Home & Kitchen,Home & Kitchen
407,10529,30591,332,Electronics,Electronics
408,9445,26207,277,Clothing,Clothing
409,10616,30073,323,Toys,Toys
410,10891,34404,363,Home & Kitchen,Home & Kitchen
411,9841,26746,307,Electronics,Electronics
412,11751,34391,387,Books,Books
413,10702,33107,278,Sports,Sports
414,13838,40097,442,Sports,Sports
415,11353,33608,401,Clothing,Clothing
416,10819,31676,382,Electronics,Electronics
417,11786,33602,410,Sports,Sports
418,11545,36665,457,Clothing,Clothing
419,10996,31886,406,Home & Kitchen,Home & Kitchen
420,9270,26103,238,Toys,Toys
421,12609,36116,367,Electronics,Electronics
422,10747,31858,294,Home & Kitchen,Home & Kitchen
423,10805,32812,339,Clothing,Clothing
424,11008,34129,349,Sports,Sports
425,11387,34764,334,Electronics,Electronics
426,11247,32301,393,Books,Books
427,11519,32891,310,Toys,Toys
428,10657,30964,372,Electronics,Electronics
429,11087,31884,313,Home & Kitchen,Home & Kitchen
430,11602,34872,387,Automotive,Automotive
431,11233,31216,346,Clothing,Clothing
432,10827,33715,266,Electronics,Electronics
433,9897,32136,268,Sports,Sports
434,10780,29642,328,Toys,Toys
435,10847,28874,254,Electronics,Electronics
436,11836,32902,343,Toys,Toys
437,10896,31503,385,Sports,Sports
438,10664,32980,332,Clothing,Clothing
439,9845,32253,295,Toys,Toys
440,11031,33574,349,Electronics,Electronics
441,9889,30672,353,Automotive,Automotive
442,10578,31130,405,Home & Kitchen,Home & Kitchen
443,10147,34157,263,Books,Books
444,10506,32693,402,Books,Books
445,11389,34403,459,Sports,Sports
446,9501,29773,338,Clothing,Clothing
447,11766,34414,360,Sports,Sports
448,10256,33264,364,Toys,Toys
449,10560,34945,372,Books,Books
450,9172,28849,340,Electronics,Electronics
451,11350,34080,403,Books,Books
452,9724,29725,349,Home & Kitchen,Home & Kitchen
453,11251,32575,345,Automotive,Automotive
454,9610,29590,396,Electronics,Electronics
455,10579,32530,359,Clothing,Clothing
456,10939,35509,442,Books,Books
457,10719,33157,383,Toys,Toys
458,10563,31198,426,Electronics,Electronics
459,11424,34352,394,Automotive,Automotive
460,12421,37631,460,Electronics,Electronics
461,10862,33686,317,Automotive,Automotive
462,9899,32254,345,Home & Kitchen,Home & Kitchen
463,12080,34812,317,Toys,Toys
464,10724,27798,377,Books,Books
465,9985,28806,283,Home & Kitchen,Home & Kitchen
466,11189,31775,401,Clothing,Clothing
467,11965,35700,362,Toys,Toys
468,10483,32043,404,Automotive,Automotive
469,12242,34087,418,Toys,Toys
470,11671,36124,361,Toys,Toys
471,12457,35745,385,Sports,Sports
472,11502,36056,337,Books,Books
473,11135,34767,332,Books,Books
474,9703,28752,287,Sports,Sports
475,9442,29723,355,Home & Kitchen,Home & Kitchen
476,10835,31528,389,Toys,Toys
477,11561,34143,335,Toys,Toys
478,10666,31908,359,Toys,Toys
479,11682,36645,384,Clothing,Clothing
480,11779,34124,320,Toys,Toys
481,11689,33138,456,Automotive,Automotive
482,11866,38362,468,Clothing,Clothing
483,10686,31464,413,Home & Kitchen,Home & Kitchen
484,10654,30971,368,Sports,Sports
485,11270,31694,400,Home & Kitchen,Home & Kitchen
486,10699,32296,308,Automotive,Automotive
487,9788,29376,336,Books,Books
488,10212,29637,320,Toys,Toys
489,11226,35211,397,Toys,Toys
490,10875,31977,283,Home & Kitchen,Home & Kitchen
491,9524,29349,338,Electronics,Electronics
492,13543,35858,401,Clothing,Clothing
493,10911,30700,318,Home & Kitchen,Home & Kitchen
494,11254,31830,330,Electronics,Electronics
495,10833,35672,358,Toys,Toys
496,11090,31697,374,Toys,Toys
497,10809,32750,291,Clothing,Clothing
498,10152,31154,240,Toys,Toys
499,12206,36403,400,Sports,Sports
500,10485,29393,324,Automotive,Automotive
501,11135,32696,362,Books,Books
502,11706,38747,481,Sports,Sports
503,9907,31048,343,Home & Kitchen,Home & Kitchen
504,10834,31623,323,Sports,Sports
505,9673,34114,417,Automotive,Automotive
