user_id,search_term
1125,toys
2228,gaming
855,toys
2249,iphone
830,book
4749,toys
4412,laptop
4519,kitchen
3621,kitchen
543,laptop
4402,nike shoes
1158,nike shoes
3163,gaming
2087,nike shoes
3610,toys
3136,iphone
1009,toys
3644,gaming
4930,headphones
460,jacket
4249,nike shoes
1361,iphone
375,headphones
263,jacket
4711,headphones
1956,jacket
1370,coffee machine
3301,laptop
3878,toys
3175,book
4767,toys
3402,jacket
1493,toys
3040,jacket
4060,laptop
2111,book
1551,book
3655,toys
1679,book
128,kitchen
4622,laptop
118,nike shoes
178,toys
1020,book
3852,jacket
3460,nike shoes
2673,book
3164,coffee machine
3466,gaming
1497,iphone
3914,book
725,book
1453,laptop
2430,kitchen
292,kitchen
2270,kitchen
3533,jacket
333,book
4080,gaming
98,toys
3227,nike shoes
2000,gaming
3939,jacket
1911,gaming
4732,iphone
3727,gaming
976,jacket
3609,coffee machine
4999,gaming
2880,headphones
1762,headphones
4817,headphones
3413,toys
2878,iphone
173,laptop
4003,nike shoes
2681,toys
3848,kitchen
464,gaming
4222,headphones
625,toys
798,gaming
2293,gaming
101,jacket
1705,gaming
3752,coffee machine
4914,nike shoes
2606,coffee machine
1758,nike shoes
72,coffee machine
2422,coffee machine
3591,headphones
2815,jacket
3831,coffee machine
760,toys
4367,headphones
4554,iphone
4321,coffee machine
1741,iphone
811,iphone
451,laptop
1531,kitchen
267,iphone
3382,laptop
508,toys
3692,nike shoes
2288,jacket
3177,jacket
758,nike shoes
2744,coffee machine
4501,kitchen
1169,coffee machine
4248,headphones
483,kitchen
4812,book
720,laptop
3958,book
2316,kitchen
2427,nike shoes
2077,nike shoes
4982,headphones
3137,coffee machine
1175,book
3158,iphone
4828,iphone
3789,coffee machine
1889,gaming
1849,book
3436,nike shoes
4985,toys
2566,iphone
3393,laptop
4937,coffee machine
4391,nike shoes
1640,book
2285,gaming
744,book
2060,nike shoes
2921,gaming
4234,gaming
4836,toys
1095,headphones
292,gaming
763,book
178,gaming
4971,book
704,gaming
2151,book
4708,toys
4831,headphones
4643,coffee machine
645,book
135,laptop
1394,jacket
2023,laptop
3617,coffee machine
4405,laptop
1365,coffee machine
3229,iphone
109,nike shoes
4691,gaming
3326,jacket
2480,iphone
2269,nike shoes
2287,headphones
4507,jacket
2839,jacket
1126,book
2035,nike shoes
4112,coffee machine
3298,coffee machine
798,toys
3536,kitchen
4888,gaming
3302,book
955,coffee machine
2293,coffee machine
2770,headphones
762,laptop
3271,iphone
3753,coffee machine
1355,toys
3684,book
4995,jacket
261,headphones
4854,book
2764,kitchen
4772,iphone
4194,kitchen
92,coffee machine
3705,kitchen
945,toys
4596,gaming
2831,iphone
3334,book
2824,coffee machine
129,gaming
2050,kitchen
4660,jacket
4002,iphone
747,gaming
1909,laptop
2898,gaming
3590,iphone
4463,coffee machine
1705,toys
4066,toys
4813,laptop
1622,jacket
576,toys
4685,jacket
250,nike shoes
3843,iphone
4962,headphones
3308,laptop
3107,iphone
1923,gaming
1085,laptop
203,kitchen
4280,kitchen
783,laptop
1100,laptop
3551,jacket
488,laptop
4470,nike shoes
299,gaming
3580,gaming
4636,kitchen
4237,toys
4421,gaming
2828,laptop
4889,laptop
3155,toys
2765,book
3502,kitchen
3053,headphones
3538,coffee machine
3921,jacket
2504,gaming
4631,headphones
212,nike shoes
4730,coffee machine
2715,toys
1239,book
3662,iphone
3104,book
4301,toys
1093,jacket
3574,gaming
1663,iphone
2423,gaming
1539,nike shoes
1169,jacket
629,headphones
3601,headphones
3342,book
36,coffee machine
2495,iphone
1177,jacket
3393,iphone
1521,book
1813,toys
838,kitchen
4380,book
3030,toys
1601,gaming
568,toys
4158,headphones
3167,iphone
4119,headphones
4308,toys
2938,book
2048,coffee machine
4752,headphones
3861,nike shoes
3501,laptop
3578,coffee machine
3050,kitchen
4411,iphone
1635,toys
1446,jacket
4129,jacket
2105,gaming
1764,coffee machine
731,toys
2623,book
1870,iphone
3564,coffee machine
659,book
2638,nike shoes
4486,nike shoes
3508,kitchen
4142,jacket
902,gaming
2005,kitchen
1856,gaming
2183,laptop
168,coffee machine
1939,toys
3614,gaming
236,gaming
2458,book
2653,toys
4920,coffee machine
2912,nike shoes
1140,headphones
265,toys
391,gaming
2053,laptop
1014,toys
1401,laptop
1395,coffee machine
2949,gaming
4928,coffee machine
4493,book
569,kitchen
2207,headphones
283,coffee machine
770,laptop
3627,headphones
4145,jacket
4494,laptop
2404,coffee machine
3118,toys
1337,gaming
2743,toys
1947,nike shoes
1228,book
1382,laptop
4496,toys
576,nike shoes
1041,jacket
3573,gaming
2245,headphones
801,laptop
3458,book
421,gaming
62,laptop
816,iphone
3972,iphone
812,headphones
368,jacket
2400,toys
59,gaming
2453,coffee machine
3740,nike shoes
3764,toys
3507,iphone
1028,laptop
4277,coffee machine
2893,coffee machine
4558,kitchen
3571,laptop
484,headphones
1987,nike shoes
2022,iphone
1237,book
1099,iphone
3715,iphone
1100,coffee machine
647,laptop
1963,iphone
2698,kitchen
3880,nike shoes
3979,iphone
771,laptop
4487,laptop
3180,nike shoes
4511,kitchen
3729,laptop
1339,jacket
813,toys
2258,jacket
2000,headphones
1674,coffee machine
1929,gaming
1286,jacket
4686,book
2674,toys
3551,book
3386,book
1781,book
929,book
3878,headphones
2812,jacket
2271,laptop
3361,gaming
282,kitchen
4024,laptop
1276,laptop
4535,iphone
1026,iphone
4160,toys
4428,toys
222,coffee machine
3538,jacket
4028,book
1025,book
2887,laptop
666,iphone
1088,toys
2779,book
2647,coffee machine
3587,nike shoes
2590,toys
1668,jacket
4111,kitchen
2134,kitchen
1640,iphone
1352,toys
36,headphones
2674,headphones
4565,book
3253,nike shoes
2730,coffee machine
197,iphone
2011,kitchen
2041,gaming
3559,coffee machine
3638,headphones
3207,jacket
417,gaming
3988,kitchen
276,jacket
1341,nike shoes
506,kitchen
4397,kitchen
1298,iphone
1118,nike shoes
1848,toys
2124,gaming
4670,nike shoes
1862,nike shoes
4402,jacket
585,kitchen
1784,laptop
1677,gaming
4289,kitchen
3214,headphones
1344,laptop
4285,laptop
1826,gaming
3251,book
364,coffee machine
1191,gaming
4484,headphones
4596,headphones
1374,iphone
4703,jacket
895,book
1190,laptop
4436,jacket
930,nike shoes
455,nike shoes
2397,jacket
4271,book
3193,jacket
2507,jacket
3667,coffee machine
2598,nike shoes
515,laptop
2314,iphone
2757,laptop
1703,toys
1656,iphone
2069,book
901,iphone
3854,kitchen
1240,jacket
2000,nike shoes
420,headphones
1474,headphones
268,book
1449,iphone
976,toys
2659,jacket
2741,iphone
4210,nike shoes
2584,laptop
2502,nike shoes
85,laptop
1727,jacket
3365,coffee machine
1557,kitchen
631,toys
2704,coffee machine
2934,coffee machine
2313,kitchen
1553,kitchen
1872,nike shoes
961,coffee machine
2950,iphone
1527,book
8,kitchen
2033,headphones
4455,iphone
3436,book
843,coffee machine
3933,kitchen
3972,nike shoes
3122,toys
4420,iphone
3597,headphones
4680,toys
172,coffee machine
2507,iphone
1804,jacket
2638,headphones
564,toys
1540,laptop
4873,book
3575,book
2560,iphone
2513,headphones
1015,headphones
1940,coffee machine
4881,nike shoes
4690,nike shoes
4662,laptop
318,jacket
192,nike shoes
1859,nike shoes
2168,coffee machine
1510,nike shoes
1498,gaming
3115,headphones
4538,jacket
241,kitchen
1427,nike shoes
4970,toys
2570,coffee machine
4681,iphone
2731,headphones
4664,coffee machine
553,jacket
994,gaming
2371,book
974,nike shoes
4658,coffee machine
1795,book
4808,toys
2994,nike shoes
224,iphone
563,laptop
2893,jacket
4820,kitchen
401,jacket
2211,jacket
4888,iphone
4989,headphones
1845,jacket
3927,headphones
1056,laptop
329,laptop
2514,iphone
3424,book
3583,gaming
2505,iphone
4134,headphones
985,jacket
3707,nike shoes
3181,iphone
4815,iphone
3737,gaming
4698,nike shoes
4047,headphones
1461,book
4577,laptop
3955,laptop
4831,gaming
4481,toys
2916,kitchen
4193,book
1694,iphone
3418,headphones
969,gaming
2184,jacket
170,nike shoes
2998,laptop
3837,iphone
2407,nike shoes
2257,nike shoes
3618,coffee machine
4933,laptop
3685,toys
1699,jacket
4684,nike shoes
4875,iphone
4600,laptop
1890,laptop
4534,headphones
3301,kitchen
2354,iphone
1570,nike shoes
4801,jacket
2567,laptop
3997,gaming
321,gaming
1310,gaming
3368,book
3687,nike shoes
1356,headphones
3366,book
4012,headphones
3617,book
3107,book
3431,laptop
3268,jacket
4223,kitchen
2183,jacket
3611,toys
2469,kitchen
303,jacket
321,toys
1278,iphone
3644,nike shoes
1183,toys
116,toys
3274,iphone
791,toys
1106,jacket
3053,nike shoes
850,gaming
2436,gaming
4795,laptop
390,laptop
865,nike shoes
4736,jacket
4126,iphone
2718,coffee machine
3457,coffee machine
797,book
2584,nike shoes
4706,coffee machine
1540,toys
186,toys
4348,toys
2174,kitchen
3733,book
2069,gaming
3805,nike shoes
2842,nike shoes
1837,jacket
4303,gaming
3134,toys
3236,coffee machine
148,gaming
2535,kitchen
1724,book
4959,toys
602,kitchen
462,book
2823,iphone
85,gaming
1154,laptop
1055,laptop
92,kitchen
142,laptop
1448,kitchen
1464,jacket
2370,laptop
3897,kitchen
184,toys
4201,gaming
304,kitchen
2420,iphone
1087,headphones
4321,iphone
3288,nike shoes
1504,kitchen
3615,nike shoes
4144,laptop
4573,gaming
1219,iphone
1907,headphones
4348,headphones
67,kitchen
1446,coffee machine
1997,nike shoes
4676,jacket
3380,iphone
2478,kitchen
2136,iphone
2006,gaming
1109,jacket
2113,headphones
2595,toys
938,headphones
454,laptop
4209,coffee machine
4749,book
4086,kitchen
1869,gaming
4122,headphones
357,headphones
3809,iphone
1075,coffee machine
2917,jacket
3389,gaming
3189,iphone
3759,gaming
3889,coffee machine
4217,toys
2240,nike shoes
2813,jacket
4730,iphone
700,jacket
3469,gaming
3314,nike shoes
844,toys
1395,laptop
3753,jacket
4362,headphones
1648,toys
4192,laptop
2423,book
3121,gaming
279,kitchen
3025,iphone
3216,headphones
3909,laptop
2389,book
4088,nike shoes
2345,kitchen
1682,laptop
1133,nike shoes
2634,coffee machine
2755,nike shoes
3911,headphones
1452,toys
1731,kitchen
2986,book
3161,iphone
1116,book
1411,coffee machine
4436,book
159,jacket
4304,kitchen
450,toys
1846,book
2612,iphone
2111,jacket
1571,gaming
2404,gaming
722,laptop
2636,coffee machine
4387,gaming
1150,iphone
45,headphones
2081,coffee machine
2028,nike shoes
1634,headphones
4787,jacket
1084,jacket
2175,coffee machine
4020,nike shoes
538,gaming
934,jacket
270,toys
1206,book
2376,gaming
1115,kitchen
1292,toys
2493,kitchen
1231,kitchen
780,jacket
3004,kitchen
186,toys
2647,nike shoes
518,laptop
3976,iphone
3286,nike shoes
1635,coffee machine
4263,jacket
4148,kitchen
4412,laptop
4515,gaming
1177,kitchen
3790,toys
2178,headphones
3205,coffee machine
1108,headphones
2642,book
4383,toys
2262,coffee machine
4904,nike shoes
3003,gaming
1372,iphone
4703,laptop
1695,book
4194,headphones
70,book
3068,book
1647,nike shoes
3248,laptop
2000,laptop
4433,headphones
4313,iphone
4919,jacket
1472,book
3938,nike shoes
2206,book
4441,kitchen
369,headphones
1450,laptop
1631,jacket
703,laptop
4611,laptop
1935,toys
1185,nike shoes
1791,toys
3054,gaming
1628,toys
738,nike shoes
1551,headphones
108,jacket
4629,nike shoes
1349,laptop
1342,book
2291,iphone
4225,jacket
1624,coffee machine
4356,headphones
4076,jacket
351,gaming
1171,kitchen
2603,gaming
936,jacket
1873,headphones
3495,laptop
4986,jacket
362,toys
4143,laptop
3149,laptop
2424,coffee machine
1729,nike shoes
3002,gaming
521,book
4459,jacket
4841,headphones
3847,kitchen
1386,kitchen
4515,kitchen
4004,laptop
4083,book
4986,jacket
126,book
4952,kitchen
1000,laptop
2515,laptop
84,laptop
3780,nike shoes
735,gaming
1391,gaming
587,book
1601,laptop
487,toys
3605,coffee machine
4552,coffee machine
4946,nike shoes
3116,coffee machine
4372,headphones
1014,kitchen
943,headphones
3745,headphones
621,headphones
292,book
187,book
1300,nike shoes
1677,book
790,toys
3924,coffee machine
3028,laptop
2405,kitchen
1141,kitchen
1235,book
1703,toys
718,toys
3644,coffee machine
4124,laptop
142,nike shoes
3424,jacket
4441,gaming
2331,iphone
1553,iphone
4766,headphones
405,laptop
2023,book
1473,laptop
3172,book
2302,laptop
368,iphone
993,iphone
1099,coffee machine
4458,gaming
4185,nike shoes
773,nike shoes
4624,nike shoes
2573,jacket
907,gaming
4022,gaming
347,gaming
489,nike shoes
4852,nike shoes
4201,gaming
1169,laptop
4902,nike shoes
2379,coffee machine
1273,iphone
4402,coffee machine
471,coffee machine
1725,coffee machine
1961,coffee machine
1465,laptop
1355,nike shoes
3382,iphone
1282,headphones
4909,iphone
1791,gaming
4949,book
1405,gaming
2797,toys
4944,headphones
3098,jacket
4319,laptop
3463,jacket
4013,toys
2690,kitchen
2492,jacket
1028,gaming
1850,jacket
4222,headphones
1817,book
3314,book
1687,coffee machine
2788,gaming
3164,headphones
411,book
941,nike shoes
2184,book
3874,nike shoes
4433,coffee machine
4922,iphone
3331,gaming
4616,laptop
665,kitchen
4856,kitchen
2408,gaming
3048,kitchen
2745,kitchen
485,gaming
1492,toys
2720,coffee machine
3501,jacket
4618,kitchen
3860,laptop
2952,iphone
1106,coffee machine
469,nike shoes
747,jacket
4613,gaming
4019,kitchen
1959,toys
1521,kitchen
429,toys
3047,kitchen
303,laptop
3292,book
1760,headphones
4392,jacket
509,gaming
584,kitchen
1185,toys
2320,coffee machine
1029,iphone
2043,headphones
790,toys
1457,jacket
4221,iphone
3130,jacket
4199,laptop
1463,toys
4673,gaming
2929,coffee machine
3664,iphone
1181,book
3932,jacket
560,laptop
3750,kitchen
85,kitchen
1229,kitchen
138,toys
4769,kitchen
4604,headphones
3314,book
3131,book
1995,coffee machine
578,headphones
4371,gaming
2917,jacket
400,iphone
2344,iphone
4849,gaming
4533,headphones
3883,nike shoes
851,iphone
1347,laptop
971,toys
3136,nike shoes
761,coffee machine
4446,laptop
185,coffee machine
2806,gaming
1211,headphones
1179,gaming
2814,iphone
4953,gaming
1896,gaming
2027,kitchen
3548,laptop
4190,coffee machine
3845,toys
2936,toys
1636,toys
1008,kitchen
1061,headphones
1963,laptop
2511,jacket
366,iphone
3895,headphones
936,headphones
726,gaming
865,kitchen
324,kitchen
4830,jacket
474,coffee machine
4590,nike shoes
380,gaming
3591,jacket
4393,jacket
4215,gaming
4822,gaming
841,iphone
3954,coffee machine
691,coffee machine
1609,iphone
2459,jacket
2337,coffee machine
122,laptop
4747,nike shoes
205,toys
3334,gaming
137,gaming
4585,gaming
2420,headphones
1616,gaming
2006,book
416,kitchen
2471,headphones
1615,laptop
462,toys
2668,book
4864,headphones
41,toys
2285,laptop
1911,jacket
308,jacket
2662,iphone
1310,laptop
1597,toys
1787,jacket
1715,nike shoes
7,coffee machine
4251,gaming
4634,headphones
165,jacket
3754,nike shoes
57,book
528,headphones
3196,toys
1232,book
529,kitchen
4907,headphones
3375,jacket
3399,book
621,toys
4876,nike shoes
724,headphones
2214,jacket
235,headphones
3225,toys
4963,nike shoes
4083,coffee machine
2722,iphone
1410,coffee machine
3425,book
1580,nike shoes
1035,gaming
3669,book
3383,nike shoes
70,laptop
1877,book
4224,toys
638,gaming
1929,gaming
3831,book
3760,gaming
2117,toys
532,coffee machine
3878,headphones
2768,laptop
154,kitchen
4566,laptop
2180,kitchen
540,toys
4987,jacket
3512,book
2916,kitchen
704,jacket
2252,book
1164,toys
2486,laptop
2826,nike shoes
242,headphones
3124,coffee machine
3234,toys
1763,coffee machine
2123,iphone
627,book
2077,kitchen
527,headphones
3305,iphone
4254,kitchen
1024,gaming
2847,jacket
4121,gaming
4201,book
37,jacket
457,iphone
4364,iphone
1351,book
2100,coffee machine
2848,headphones
4870,jacket
4498,headphones
985,gaming
2072,jacket
4684,kitchen
2943,gaming
2299,coffee machine
4635,kitchen
1024,toys
3534,iphone
2584,coffee machine
384,iphone
3580,nike shoes
790,coffee machine
3974,gaming
2247,toys
4275,book
903,gaming
697,toys
4308,gaming
4154,laptop
180,book
2757,coffee machine
3951,jacket
4058,jacket
3504,iphone
2781,iphone
2408,jacket
1376,kitchen
246,laptop
2056,book
382,gaming
2373,headphones
10,nike shoes
645,gaming
3272,laptop
2652,toys
4184,nike shoes
988,toys
2033,kitchen
1874,coffee machine
3506,nike shoes
1758,toys
1607,gaming
2596,headphones
4383,coffee machine
566,headphones
4818,laptop
4470,jacket
1895,kitchen
1745,toys
4778,iphone
2555,nike shoes
2079,laptop
2781,headphones
705,coffee machine
967,book
1869,coffee machine
4676,kitchen
4768,iphone
158,book
3880,iphone
1075,headphones
1226,kitchen
2584,jacket
364,jacket
1587,headphones
1594,laptop
7,book
2035,jacket
426,kitchen
1838,nike shoes
1080,jacket
4912,jacket
409,gaming
3594,laptop
1944,jacket
3280,coffee machine
3330,gaming
4408,laptop
636,iphone
1717,iphone
4989,gaming
911,headphones
2025,nike shoes
1978,book
4658,kitchen
3470,kitchen
2496,nike shoes
150,kitchen
2378,iphone
3125,laptop
4325,kitchen
2854,iphone
2450,coffee machine
971,book
3811,jacket
4831,headphones
3568,book
934,iphone
3673,kitchen
3270,headphones
3218,jacket
1015,iphone
4696,gaming
255,headphones
812,toys
1156,jacket
1292,toys
3414,laptop
2299,kitchen
3609,toys
4307,toys
3902,iphone
2988,toys
1959,nike shoes
3869,gaming
4116,iphone
208,kitchen
1554,kitchen
3623,toys
4757,book
1853,kitchen
3268,iphone
2831,toys
3458,book
2863,book
2096,nike shoes
381,book
3031,jacket
2552,laptop
413,iphone
4167,laptop
1683,toys
3115,kitchen
1382,gaming
430,nike shoes
4702,iphone
21,laptop
822,iphone
2904,book
1760,coffee machine
984,jacket
237,jacket
4444,jacket
3271,kitchen
4544,iphone
10,toys
4939,iphone
4276,laptop
2538,kitchen
586,gaming
2062,headphones
4803,headphones
4596,gaming
320,jacket
1369,book
4109,kitchen
2083,nike shoes
1635,kitchen
4913,kitchen
1790,nike shoes
3165,nike shoes
3976,coffee machine
193,toys
4564,jacket
4979,jacket
2410,toys
622,iphone
3613,book
4333,nike shoes
783,gaming
4950,jacket
1069,gaming
3812,coffee machine
4619,kitchen
3557,kitchen
4650,coffee machine
3378,jacket
3084,kitchen
2721,coffee machine
3319,nike shoes
1988,iphone
3275,jacket
3928,book
1480,jacket
2881,gaming
4036,jacket
1038,coffee machine
802,laptop
369,kitchen
4983,gaming
1269,gaming
1065,gaming
2563,headphones
1728,headphones
9,laptop
1212,coffee machine
3926,iphone
4894,book
544,laptop
4096,book
3079,headphones
3171,iphone
3851,laptop
3319,nike shoes
2496,toys
2458,headphones
1005,iphone
1679,kitchen
2988,iphone
4377,coffee machine
2332,gaming
4099,toys
2054,laptop
453,gaming
3210,kitchen
2970,nike shoes
2378,jacket
3428,book
4720,jacket
3393,book
1149,toys
1905,nike shoes
2048,nike shoes
3607,jacket
4305,gaming
3233,book
3246,laptop
4085,gaming
4286,headphones
2938,coffee machine
4084,gaming
1959,book
1501,iphone
3152,book
3968,jacket
2720,laptop
3359,coffee machine
2695,headphones
350,iphone
3604,laptop
3558,jacket
2717,headphones
2749,jacket
2835,book
2709,headphones
2087,kitchen
1100,jacket
673,headphones
1742,kitchen
766,kitchen
4972,gaming
3721,toys
1725,laptop
3451,nike shoes
2498,headphones
1516,laptop
2278,headphones
553,jacket
3340,iphone
932,jacket
2091,iphone
3729,kitchen
1795,coffee machine
1845,coffee machine
3557,book
1736,coffee machine
1579,coffee machine
3331,iphone
2572,toys
1872,iphone
3585,headphones
4171,toys
3780,nike shoes
2103,gaming
1090,nike shoes
1412,toys
4068,gaming
3798,book
2630,iphone
4717,toys
4318,book
268,kitchen
2212,book
3707,book
914,coffee machine
462,laptop
4800,coffee machine
3074,book
1038,coffee machine
839,kitchen
4795,coffee machine
3358,book
4897,coffee machine
2120,toys
2006,jacket
431,iphone
1330,toys
1694,coffee machine
1504,nike shoes
3759,gaming
3103,headphones
1469,jacket
3311,jacket
684,iphone
1120,nike shoes
2419,kitchen
3755,gaming
4837,nike shoes
3178,book
2803,kitchen
479,book
1436,kitchen
3477,coffee machine
2578,laptop
2007,coffee machine
2514,kitchen
1494,laptop
4860,iphone
1661,nike shoes
4452,kitchen
769,laptop
3754,headphones
3278,kitchen
4122,laptop
4693,kitchen
3564,headphones
4014,iphone
2293,nike shoes
2696,book
1292,jacket
1279,toys
2707,coffee machine
4721,nike shoes
3809,iphone
3887,coffee machine
3857,book
581,laptop
284,gaming
496,headphones
2775,kitchen
974,iphone
3138,coffee machine
3962,headphones
4154,nike shoes
4811,gaming
4297,coffee machine
3321,nike shoes
1433,gaming
1713,coffee machine
1163,iphone
826,coffee machine
410,headphones
3414,iphone
1776,iphone
4748,jacket
2647,laptop
2877,nike shoes
99,toys
1669,nike shoes
3893,toys
2564,headphones
2540,coffee machine
1139,iphone
2700,headphones
998,gaming
1610,toys
3975,toys
3217,iphone
339,book
1886,book
2776,headphones
3269,nike shoes
128,coffee machine
825,gaming
254,kitchen
4487,nike shoes
204,kitchen
4352,jacket
1445,gaming
4832,toys
3033,coffee machine
1956,kitchen
1008,coffee machine
713,toys
4090,book
4871,iphone
1374,jacket
2463,jacket
2424,book
3045,toys
347,headphones
316,headphones
4854,headphones
3077,book
2834,laptop
988,iphone
1372,iphone
4793,jacket
668,laptop
3129,headphones
2005,iphone
727,gaming
230,kitchen
1611,coffee machine
4999,nike shoes
507,gaming
2191,toys
4129,laptop
3695,toys
2576,iphone
1904,nike shoes
3438,headphones
1026,iphone
4422,jacket
2880,nike shoes
1074,nike shoes
4206,toys
4396,coffee machine
421,gaming
3590,coffee machine
2984,nike shoes
2600,headphones
55,nike shoes
3452,headphones
2524,iphone
2276,laptop
2385,gaming
1760,kitchen
4838,headphones
679,coffee machine
1379,jacket
1342,iphone
979,kitchen
4323,kitchen
3894,book
1293,jacket
2183,headphones
1779,laptop
1449,gaming
1858,nike shoes
709,toys
4287,book
4203,nike shoes
2042,nike shoes
4859,nike shoes
2916,coffee machine
3118,nike shoes
1382,iphone
4861,nike shoes
634,coffee machine
4405,jacket
4021,gaming
1277,headphones
3302,kitchen
1434,laptop
557,coffee machine
3303,coffee machine
2022,headphones
4341,iphone
926,book
3193,book
757,iphone
3653,gaming
4276,jacket
3513,coffee machine
1266,iphone
1527,toys
806,headphones
1418,coffee machine
4760,iphone
85,book
1732,jacket
2458,book
4131,coffee machine
3566,book
51,toys
269,kitchen
4889,iphone
3848,headphones
4417,book
2988,kitchen
96,kitchen
2007,toys
759,book
394,laptop
4354,toys
97,toys
3134,laptop
4199,toys
2463,jacket
885,laptop
4199,laptop
4124,book
1909,iphone
4608,toys
752,kitchen
3947,nike shoes
25,book
4982,iphone
4786,jacket
835,jacket
1746,kitchen
1072,jacket
2512,kitchen
2923,laptop
3879,toys
4773,gaming
2886,headphones
4614,laptop
4525,coffee machine
2119,book
1745,gaming
3405,headphones
1478,headphones
2397,book
4663,coffee machine
2984,book
4413,headphones
4678,laptop
686,kitchen
3901,coffee machine
4607,gaming
2600,iphone
1668,book
2283,headphones
602,toys
1849,laptop
4567,book
3270,headphones
2462,toys
3310,jacket
4999,jacket
3692,coffee machine
2883,laptop
1100,laptop
332,book
680,iphone
3426,gaming
4329,nike shoes
2853,jacket
885,jacket
630,nike shoes
2574,kitchen
2508,nike shoes
4553,nike shoes
759,coffee machine
1840,iphone
1831,book
1059,jacket
1082,headphones
3785,nike shoes
2338,laptop
466,kitchen
4570,book
2961,gaming
3110,headphones
3548,book
515,nike shoes
3287,kitchen
2001,iphone
4228,kitchen
3628,coffee machine
2171,coffee machine
250,coffee machine
712,toys
1403,jacket
726,kitchen
3738,iphone
3964,kitchen
4237,book
3577,iphone
1913,laptop
2864,coffee machine
4268,kitchen
2431,toys
3379,coffee machine
2305,headphones
1099,coffee machine
2482,gaming
2563,gaming
1091,jacket
1662,headphones
4748,gaming
3018,iphone
3999,gaming
91,toys
219,kitchen
2210,laptop
1504,iphone
363,gaming
465,jacket
1228,nike shoes
3696,kitchen
548,toys
620,toys
1391,laptop
2041,jacket
4638,nike shoes
3869,jacket
566,jacket
3856,book
261,book
2701,headphones
2215,gaming
1067,laptop
2686,kitchen
3629,toys
2809,toys
3103,toys
3012,gaming
1129,jacket
916,headphones
1627,laptop
1832,headphones
1895,laptop
4117,gaming
302,book
249,book
3869,coffee machine
4207,coffee machine
335,iphone
1706,nike shoes
744,nike shoes
1765,iphone
166,headphones
3770,jacket
1863,nike shoes
4064,nike shoes
4034,kitchen
148,laptop
3800,toys
2810,iphone
3712,jacket
2182,jacket
907,coffee machine
2277,gaming
3848,coffee machine
1650,coffee machine
2382,book
3543,book
783,toys
3098,kitchen
4655,laptop
3095,coffee machine
660,headphones
609,jacket
3917,gaming
3018,gaming
309,kitchen
964,toys
2788,laptop
1834,laptop
2263,kitchen
3321,coffee machine
885,kitchen
4449,headphones
3794,book
1183,kitchen
789,headphones
3512,toys
2226,jacket
1478,book
1715,kitchen
2038,toys
2964,toys
1846,nike shoes
4054,gaming
1762,laptop
3691,jacket
1958,headphones
636,book
3445,iphone
896,laptop
3196,gaming
2236,nike shoes
4340,coffee machine
2903,book
2526,headphones
3077,nike shoes
1826,jacket
2658,iphone
379,kitchen
4787,nike shoes
2085,kitchen
1208,gaming
2825,laptop
1942,headphones
3936,iphone
1437,headphones
271,coffee machine
4464,nike shoes
2217,headphones
2795,nike shoes
979,kitchen
146,book
2482,laptop
2231,headphones
4228,iphone
2456,toys
737,toys
4992,book
4828,laptop
949,jacket
2346,gaming
655,toys
1819,gaming
4401,laptop
4587,iphone
4134,laptop
431,book
4624,book
3284,laptop
4165,headphones
719,laptop
85,headphones
3459,nike shoes
3237,nike shoes
4738,kitchen
2168,iphone
1193,gaming
3527,iphone
733,jacket
158,headphones
1205,headphones
1340,nike shoes
98,kitchen
1385,nike shoes
3889,gaming
4402,coffee machine
2818,iphone
1642,toys
1224,laptop
1731,coffee machine
2094,nike shoes
4536,iphone
2914,nike shoes
3737,coffee machine
4081,gaming
1293,nike shoes
3133,laptop
3858,kitchen
387,toys
3686,laptop
3652,nike shoes
1337,gaming
2848,kitchen
464,book
2115,jacket
3176,coffee machine
2673,jacket
3497,kitchen
3034,kitchen
4156,laptop
3687,laptop
41,iphone
3538,nike shoes
1931,iphone
3312,jacket
4096,nike shoes
1258,book
4668,nike shoes
3471,laptop
4111,kitchen
3361,coffee machine
1810,coffee machine
4267,book
3444,headphones
523,nike shoes
4649,toys
1722,jacket
3777,jacket
1000,headphones
1756,nike shoes
3871,kitchen
100,headphones
1316,kitchen
3312,iphone
1193,headphones
3410,headphones
194,iphone
4031,nike shoes
3304,nike shoes
1677,iphone
1587,gaming
2907,nike shoes
2517,nike shoes
2431,jacket
3903,coffee machine
1478,coffee machine
47,toys
418,kitchen
983,book
4297,book
3426,toys
4051,coffee machine
3595,laptop
265,book
2600,headphones
1179,book
1927,kitchen
4903,toys
4579,toys
4381,headphones
3828,laptop
1335,gaming
3884,laptop
1199,headphones
1335,kitchen
1750,kitchen
2087,kitchen
3688,laptop
2107,jacket
4823,jacket
3158,laptop
2432,iphone
2096,book
508,book
484,gaming
2587,nike shoes
3839,laptop
1677,book
3692,kitchen
3375,gaming
1206,coffee machine
4414,headphones
1941,gaming
3368,laptop
2892,toys
1494,gaming
2550,laptop
968,nike shoes
4852,kitchen
1313,book
3369,nike shoes
1634,kitchen
2461,laptop
4113,book
2323,jacket
2177,coffee machine
3775,iphone
4889,coffee machine
3566,gaming
1916,gaming
4441,headphones
2087,headphones
801,nike shoes
2089,gaming
4020,kitchen
2306,kitchen
2788,laptop
3360,kitchen
1511,nike shoes
2868,jacket
2945,nike shoes
4347,coffee machine
976,laptop
3885,coffee machine
2691,headphones
4415,laptop
775,book
2754,book
3080,toys
2736,headphones
4148,jacket
4138,headphones
613,toys
1432,toys
3187,gaming
1819,jacket
4076,iphone
3498,laptop
2202,toys
1522,gaming
2000,jacket
3420,headphones
257,toys
1364,coffee machine
4306,coffee machine
4776,jacket
749,gaming
591,book
316,gaming
1764,book
1538,gaming
1470,jacket
2872,kitchen
2350,toys
4410,jacket
1089,toys
1168,laptop
4809,nike shoes
4453,coffee machine
3460,headphones
3958,headphones
711,laptop
4924,nike shoes
4993,coffee machine
4198,nike shoes
3837,toys
2311,laptop
2607,nike shoes
1269,laptop
2751,book
3454,book
2374,toys
1123,toys
3401,headphones
3817,kitchen
4672,gaming
4498,laptop
541,jacket
1949,headphones
2624,laptop
570,gaming
2717,headphones
2297,nike shoes
2158,jacket
696,laptop
2032,gaming
462,toys
298,gaming
2745,toys
4424,toys
3412,gaming
2746,nike shoes
571,headphones
3693,book
2406,nike shoes
3059,gaming
1619,gaming
2053,laptop
2513,jacket
803,headphones
4157,headphones
1177,jacket
1010,coffee machine
2107,kitchen
543,gaming
2505,toys
916,toys
1492,iphone
2379,coffee machine
4835,kitchen
3220,kitchen
444,headphones
65,gaming
2566,iphone
2458,kitchen
4962,gaming
3664,iphone
2306,book
3760,headphones
4951,coffee machine
3842,book
820,book
1548,iphone
4207,kitchen
2203,headphones
2033,coffee machine
2372,coffee machine
1321,headphones
2458,headphones
2291,jacket
4280,iphone
1135,gaming
765,laptop
356,nike shoes
2616,jacket
2139,jacket
1763,gaming
3040,nike shoes
2402,book
653,jacket
2630,nike shoes
4450,kitchen
280,coffee machine
3804,jacket
163,book
3199,headphones
3657,jacket
4866,iphone
4192,nike shoes
428,gaming
1373,toys
1536,coffee machine
4882,coffee machine
1440,toys
992,iphone
709,laptop
2458,coffee machine
1377,kitchen
1569,gaming
4621,iphone
2155,iphone
1828,book
3478,kitchen
3367,laptop
1662,iphone
235,coffee machine
4654,laptop
4646,gaming
1959,headphones
1671,iphone
260,iphone
277,kitchen
2277,laptop
1910,nike shoes
1806,gaming
4664,kitchen
912,book
3655,nike shoes
1935,coffee machine
1525,iphone
2158,gaming
3636,book
806,iphone
66,toys
1546,headphones
274,headphones
4258,book
2709,gaming
3709,book
4633,book
3279,coffee machine
4651,nike shoes
3322,coffee machine
1113,book
2982,laptop
4661,kitchen
4885,nike shoes
4385,laptop
4231,iphone
2836,book
3305,iphone
2626,book
75,coffee machine
4648,headphones
1430,toys
2174,iphone
2149,book
4859,coffee machine
610,laptop
2789,iphone
3730,laptop
446,laptop
1795,book
1431,headphones
1337,iphone
1864,nike shoes
741,book
37,coffee machine
4543,laptop
4335,book
4837,gaming
4078,jacket
1417,book
1953,book
2119,nike shoes
4174,gaming
1218,jacket
3829,nike shoes
1078,nike shoes
2795,book
2365,iphone
3385,book
128,headphones
2479,toys
3036,gaming
918,kitchen
426,book
1102,jacket
2171,toys
3386,book
2120,nike shoes
4307,laptop
1125,book
1513,book
2014,iphone
3359,nike shoes
2670,laptop
4068,nike shoes
44,toys
770,nike shoes
1993,toys
537,iphone
2833,nike shoes
2849,iphone
4086,headphones
1085,kitchen
838,gaming
365,nike shoes
2601,book
3477,coffee machine
1825,book
132,gaming
2388,nike shoes
4852,kitchen
4962,nike shoes
1543,headphones
1376,laptop
108,headphones
1082,headphones
4133,coffee machine
3404,headphones
2246,coffee machine
460,gaming
4723,laptop
2876,laptop
652,jacket
473,gaming
2076,nike shoes
3021,gaming
55,iphone
3768,iphone
3470,toys
4817,jacket
3094,coffee machine
1625,iphone
3910,toys
3798,toys
3130,gaming
2000,nike shoes
1217,jacket
1778,gaming
1283,toys
2797,headphones
863,gaming
4607,laptop
3669,coffee machine
287,gaming
4580,jacket
4756,book
4803,gaming
805,headphones
1103,headphones
2825,gaming
1402,toys
679,gaming
384,toys
2728,laptop
1357,toys
3459,headphones
3027,book
3473,headphones
3792,book
560,kitchen
4814,laptop
1321,laptop
3399,laptop
3348,gaming
18,book
327,book
445,nike shoes
290,coffee machine
2703,laptop
2544,coffee machine
2646,iphone
2522,coffee machine
2490,nike shoes
2966,iphone
4221,laptop
1961,jacket
2033,headphones
3605,headphones
4049,nike shoes
3471,jacket
4819,jacket
855,nike shoes
2011,jacket
1096,book
645,coffee machine
4971,kitchen
2075,headphones
285,book
2285,headphones
2940,nike shoes
2379,gaming
4605,toys
3434,laptop
4080,headphones
2712,toys
4017,nike shoes
179,toys
1571,toys
2144,gaming
3638,kitchen
4820,kitchen
4521,headphones
4521,jacket
4196,coffee machine
1154,book
2860,coffee machine
2521,iphone
341,kitchen
1632,kitchen
601,laptop
1254,coffee machine
4469,headphones
1916,laptop
2261,gaming
2055,nike shoes
1480,book
4680,iphone
1752,toys
711,coffee machine
14,gaming
3543,kitchen
1387,iphone
2364,jacket
4729,toys
940,gaming
4353,gaming
2093,coffee machine
1986,coffee machine
2055,laptop
220,coffee machine
260,laptop
558,book
3652,toys
117,toys
2136,kitchen
4725,jacket
2401,kitchen
2394,gaming
901,book
117,gaming
683,laptop
1982,laptop
3114,headphones
952,jacket
805,gaming
951,toys
3072,iphone
4002,coffee machine
1483,book
4347,nike shoes
2117,laptop
3738,coffee machine
2281,jacket
1549,book
824,gaming
4790,kitchen
2042,coffee machine
3314,laptop
532,iphone
112,iphone
2587,jacket
3975,coffee machine
2729,jacket
164,kitchen
761,laptop
3409,kitchen
2372,nike shoes
4621,coffee machine
3861,coffee machine
2938,laptop
576,jacket
1406,jacket
2953,book
946,kitchen
389,kitchen
2293,jacket
4072,jacket
2539,headphones
3726,iphone
3640,book
2640,laptop
155,nike shoes
1212,jacket
4100,coffee machine
2437,iphone
4334,laptop
4431,kitchen
434,jacket
521,laptop
405,kitchen
1444,coffee machine
470,gaming
4397,gaming
2894,book
2829,nike shoes
1415,nike shoes
2713,toys
692,coffee machine
4483,gaming
1422,book
2734,coffee machine
2503,gaming
4737,gaming
1353,jacket
386,gaming
1685,laptop
1869,gaming
3908,laptop
4563,iphone
663,book
2412,toys
3689,iphone
1900,gaming
962,nike shoes
4354,toys
354,laptop
900,coffee machine
274,toys
3335,toys
3538,book
4371,kitchen
3361,laptop
1495,nike shoes
2734,toys
4817,laptop
4787,coffee machine
2984,coffee machine
4549,toys
3275,book
2053,gaming
1407,kitchen
4799,toys
3925,book
3520,toys
4526,nike shoes
3042,toys
2831,gaming
958,toys
3823,toys
1917,toys
1845,book
1681,toys
3628,jacket
1382,iphone
1955,iphone
2297,book
4978,kitchen
2274,coffee machine
4801,kitchen
2893,jacket
282,coffee machine
1880,toys
4486,iphone
1945,jacket
3070,toys
1767,laptop
3764,headphones
4818,iphone
3798,laptop
430,iphone
1940,toys
4488,gaming
4139,laptop
2271,coffee machine
3047,nike shoes
3467,laptop
477,book
3767,headphones
743,headphones
2553,nike shoes
3808,nike shoes
3071,coffee machine
4235,coffee machine
573,jacket
909,iphone
1287,book
2543,kitchen
564,nike shoes
2272,jacket
1217,gaming
4950,jacket
4864,iphone
1017,kitchen
1739,book
2002,headphones
4111,iphone
4287,book
3612,laptop
2457,headphones
2095,headphones
1859,gaming
2520,book
4308,gaming
433,jacket
4578,headphones
354,coffee machine
4603,kitchen
2953,jacket
2201,gaming
4664,iphone
2333,gaming
806,jacket
4430,coffee machine
281,kitchen
4822,coffee machine
3853,book
2813,toys
3724,book
1192,kitchen
3501,kitchen
3475,gaming
152,iphone
140,book
635,jacket
1607,coffee machine
4102,toys
3877,coffee machine
4862,toys
4348,nike shoes
1700,book
3540,kitchen
4925,headphones
4861,toys
1928,kitchen
1929,nike shoes
3605,book
2897,kitchen
3082,jacket
4868,laptop
3291,kitchen
1887,iphone
4884,kitchen
2171,kitchen
1900,laptop
1466,headphones
2737,jacket
4658,book
4454,coffee machine
4125,iphone
2618,nike shoes
2795,coffee machine
2527,headphones
949,laptop
119,laptop
3612,kitchen
1360,coffee machine
3867,book
3820,headphones
1994,gaming
4252,gaming
4944,coffee machine
1875,laptop
2421,kitchen
2552,iphone
3849,nike shoes
2946,nike shoes
1585,book
2350,headphones
4494,headphones
1391,iphone
3935,jacket
3102,gaming
1782,jacket
428,jacket
1016,toys
1104,gaming
1700,nike shoes
4043,laptop
3306,coffee machine
3204,nike shoes
4289,jacket
2976,book
1913,book
3801,gaming
477,toys
235,nike shoes
263,headphones
1336,jacket
4815,book
1071,book
4834,book
1629,headphones
2905,jacket
4331,gaming
3985,nike shoes
736,toys
2159,gaming
59,toys
3788,headphones
4691,toys
77,toys
3937,iphone
1130,iphone
345,laptop
3402,gaming
4214,jacket
3316,iphone
2740,book
2242,headphones
498,nike shoes
759,jacket
2866,book
666,jacket
721,book
4389,kitchen
3787,gaming
1115,iphone
2977,book
182,coffee machine
1741,laptop
992,iphone
3684,laptop
4209,laptop
3458,jacket
3226,iphone
1477,coffee machine
4175,iphone
3241,laptop
2285,nike shoes
4892,laptop
4972,jacket
155,laptop
4822,jacket
1075,gaming
262,laptop
4146,book
1839,kitchen
2867,headphones
3458,headphones
785,headphones
819,toys
1785,jacket
2838,nike shoes
3231,gaming
3144,gaming
3254,toys
661,coffee machine
981,kitchen
3462,toys
363,laptop
1464,headphones
3624,laptop
3122,coffee machine
1083,jacket
235,gaming
1557,laptop
1396,gaming
4017,nike shoes
2978,book
4804,book
3440,headphones
4994,iphone
161,toys
1696,jacket
1296,jacket
876,gaming
4414,kitchen
363,toys
4573,headphones
3331,jacket
3293,kitchen
3574,iphone
2111,gaming
1360,jacket
2598,headphones
2327,coffee machine
4112,jacket
1238,gaming
931,nike shoes
1766,book
4619,laptop
119,book
844,book
4030,laptop
762,nike shoes
2997,toys
431,book
53,headphones
3963,coffee machine
3125,headphones
4239,iphone
1133,headphones
1947,toys
343,coffee machine
934,kitchen
1328,gaming
1519,nike shoes
3192,jacket
3248,coffee machine
3133,iphone
4669,nike shoes
1760,nike shoes
4298,coffee machine
2551,kitchen
2311,kitchen
3604,nike shoes
1755,toys
2227,jacket
1977,jacket
2030,iphone
3819,nike shoes
1727,gaming
2284,nike shoes
3438,coffee machine
4673,nike shoes
4530,book
4711,nike shoes
3801,toys
739,gaming
3270,headphones
4825,jacket
187,headphones
1359,toys
882,laptop
4118,headphones
1389,kitchen
57,toys
4804,nike shoes
2110,kitchen
2264,gaming
4064,book
3769,jacket
1462,toys
4416,nike shoes
284,gaming
2134,coffee machine
4699,gaming
1790,book
452,iphone
3429,kitchen
1034,book
4940,gaming
3849,nike shoes
308,iphone
4093,headphones
4604,jacket
615,iphone
4859,coffee machine
841,nike shoes
1344,kitchen
35,kitchen
2150,laptop
4898,coffee machine
3745,iphone
4887,nike shoes
1227,book
2898,laptop
68,jacket
3555,nike shoes
2184,coffee machine
4575,headphones
646,jacket
2780,gaming
1541,headphones
673,laptop
4405,book
1870,iphone
3182,toys
1102,coffee machine
902,iphone
4391,jacket
1108,book
1845,toys
1616,jacket
3069,jacket
2884,coffee machine
1376,coffee machine
1450,toys
3611,kitchen
3164,kitchen
1822,kitchen
1511,nike shoes
390,jacket
3370,book
186,nike shoes
4461,gaming
2213,gaming
1031,book
606,nike shoes
3422,book
2912,toys
984,iphone
2622,toys
4268,nike shoes
3082,jacket
4413,book
1831,headphones
3744,nike shoes
3689,coffee machine
476,kitchen
4108,toys
497,laptop
766,book
4196,nike shoes
4738,headphones
3932,laptop
4906,toys
2126,toys
631,gaming
1891,headphones
3142,iphone
2540,book
3503,laptop
1771,laptop
677,book
3120,nike shoes
1567,iphone
3959,coffee machine
3086,book
4732,jacket
1508,coffee machine
3227,headphones
4815,coffee machine
4587,jacket
44,laptop
2360,book
4644,jacket
2041,jacket
4267,book
4724,headphones
1036,toys
4793,headphones
612,kitchen
3183,gaming
4937,jacket
4432,nike shoes
4888,coffee machine
3413,kitchen
949,toys
342,nike shoes
2046,book
2462,headphones
1116,iphone
4170,laptop
1407,coffee machine
1453,kitchen
780,gaming
2939,kitchen
3999,book
4426,gaming
3642,book
3368,jacket
1096,toys
3740,laptop
838,gaming
3203,kitchen
1205,headphones
3200,laptop
4098,iphone
3102,iphone
654,nike shoes
1470,toys
531,kitchen
4743,nike shoes
2029,headphones
4322,toys
218,kitchen
1333,book
853,book
3458,laptop
1410,coffee machine
1830,coffee machine
2851,jacket
3424,book
3918,jacket
1421,iphone
1755,iphone
1472,coffee machine
1762,coffee machine
1347,book
4641,toys
2509,kitchen
3080,kitchen
4825,kitchen
205,iphone
2814,iphone
3078,toys
2220,coffee machine
4558,nike shoes
500,iphone
4535,jacket
4814,iphone
1850,iphone
3658,headphones
1479,kitchen
807,jacket
4666,jacket
375,toys
3064,nike shoes
4471,toys
3480,jacket
4309,headphones
4259,iphone
2311,coffee machine
246,book
2555,kitchen
1899,toys
4682,iphone
2302,kitchen
790,headphones
3013,coffee machine
2515,kitchen
3045,nike shoes
2598,coffee machine
226,nike shoes
187,jacket
3245,book
3352,toys
2857,toys
4058,kitchen
88,toys
2239,jacket
4612,book
3729,headphones
295,nike shoes
4858,jacket
1452,iphone
1749,iphone
120,toys
1463,jacket
799,headphones
1712,iphone
2032,iphone
4211,iphone
2686,nike shoes
1523,gaming
1934,kitchen
1966,jacket
4064,iphone
3169,kitchen
400,jacket
2001,coffee machine
2566,nike shoes
4061,toys
1447,book
2258,coffee machine
1545,laptop
4672,jacket
3491,headphones
4727,gaming
1728,laptop
1877,laptop
1703,coffee machine
3471,iphone
2917,iphone
1849,coffee machine
4818,iphone
2890,coffee machine
1604,toys
2958,headphones
4628,headphones
2256,iphone
4759,book
3848,laptop
3999,headphones
4653,gaming
2861,jacket
176,kitchen
3331,book
4092,toys
11,coffee machine
3292,jacket
649,headphones
4788,nike shoes
2265,toys
4770,kitchen
3107,toys
923,book
224,book
4072,toys
4464,headphones
4184,toys
4363,gaming
3860,laptop
2085,jacket
2517,kitchen
748,kitchen
226,nike shoes
2784,kitchen
251,kitchen
4858,coffee machine
604,nike shoes
1264,laptop
1171,book
2341,kitchen
3068,jacket
2984,coffee machine
92,book
1997,laptop
645,jacket
1785,book
4951,laptop
1995,kitchen
2310,nike shoes
1427,gaming
4082,kitchen
56,coffee machine
4096,book
254,toys
4292,iphone
4467,coffee machine
813,toys
4156,toys
4248,toys
3733,nike shoes
4065,kitchen
1799,iphone
4028,nike shoes
2658,gaming
1165,headphones
2128,jacket
24,laptop
5,toys
2906,book
2219,coffee machine
1282,nike shoes
4977,gaming
1582,gaming
899,gaming
3313,laptop
894,laptop
4431,kitchen
408,gaming
2147,laptop
4295,kitchen
841,iphone
4069,coffee machine
1147,book
4850,nike shoes
4786,iphone
937,kitchen
460,book
3343,book
4588,coffee machine
1454,iphone
4635,headphones
1315,iphone
4242,kitchen
2062,headphones
1936,headphones
3028,headphones
168,coffee machine
4771,nike shoes
4306,coffee machine
1400,laptop
2264,book
391,laptop
4844,gaming
90,iphone
1198,coffee machine
4437,iphone
2211,coffee machine
2071,headphones
4702,iphone
2003,book
1215,coffee machine
1774,coffee machine
4013,book
3937,coffee machine
2498,gaming
1477,toys
153,nike shoes
4931,laptop
1588,coffee machine
3464,toys
3302,gaming
2611,headphones
2242,book
3008,nike shoes
4203,nike shoes
2530,nike shoes
3883,iphone
2231,coffee machine
2067,headphones
3223,jacket
3691,headphones
806,gaming
2117,book
3140,kitchen
3087,book
346,coffee machine
1422,kitchen
3217,jacket
1568,jacket
2296,laptop
1236,toys
2379,gaming
3485,iphone
2930,book
4633,coffee machine
3910,laptop
4156,coffee machine
997,nike shoes
143,gaming
1159,laptop
243,coffee machine
4160,kitchen
2335,jacket
1558,headphones
4288,kitchen
2407,coffee machine
3839,coffee machine
3866,laptop
846,headphones
1145,gaming
1966,kitchen
4350,laptop
1754,iphone
2089,iphone
4790,laptop
2803,book
4338,toys
4346,gaming
3072,nike shoes
4709,gaming
808,kitchen
1129,iphone
1780,headphones
904,coffee machine
1089,iphone
95,headphones
2843,coffee machine
3011,nike shoes
4962,book
3830,iphone
4066,toys
3731,jacket
4349,gaming
1234,nike shoes
2414,iphone
3676,toys
2943,laptop
4671,jacket
4907,nike shoes
441,laptop
860,jacket
1580,jacket
4011,kitchen
3140,coffee machine
2477,toys
3083,laptop
1465,kitchen
177,headphones
4664,nike shoes
3977,laptop
4047,toys
547,book
2221,book
522,headphones
1386,nike shoes
2338,headphones
3283,kitchen
4398,nike shoes
3969,coffee machine
332,headphones
1174,kitchen
1806,laptop
2722,jacket
3667,coffee machine
2862,toys
540,headphones
1430,gaming
1767,kitchen
3205,coffee machine
4864,jacket
1675,coffee machine
2179,iphone
1481,gaming
81,headphones
3685,iphone
2735,kitchen
1778,jacket
1598,headphones
2765,nike shoes
2231,coffee machine
4858,iphone
1642,gaming
4821,headphones
3734,book
2278,jacket
1527,gaming
1553,coffee machine
1550,toys
1470,coffee machine
3886,kitchen
3045,coffee machine
4861,coffee machine
3727,gaming
3364,kitchen
3865,coffee machine
3625,laptop
4010,nike shoes
973,laptop
1085,jacket
1514,laptop
670,iphone
921,headphones
889,iphone
2821,gaming
2958,kitchen
513,iphone
1364,jacket
2609,gaming
3751,toys
3287,laptop
164,gaming
2140,jacket
2497,iphone
1564,jacket
4517,book
2206,kitchen
979,iphone
1162,book
4660,kitchen
4448,laptop
1658,jacket
3848,toys
886,coffee machine
1551,headphones
4865,book
1996,kitchen
4736,gaming
496,headphones
4607,iphone
3391,book
3181,gaming
3701,laptop
338,headphones
71,gaming
603,gaming
1571,toys
2189,toys
1407,book
741,headphones
1109,book
3617,toys
4851,kitchen
3429,toys
2845,coffee machine
190,toys
402,headphones
1540,iphone
1947,jacket
4556,coffee machine
4064,kitchen
998,coffee machine
832,book
405,kitchen
4459,book
3661,headphones
2703,nike shoes
3309,laptop
2039,coffee machine
4918,coffee machine
2414,gaming
1479,iphone
4764,toys
3668,toys
3183,laptop
3011,gaming
3264,laptop
1545,jacket
4171,headphones
4127,kitchen
251,iphone
2052,kitchen
83,book
690,coffee machine
4286,laptop
601,book
1698,gaming
370,jacket
1279,gaming
4572,toys
174,headphones
4718,laptop
4114,headphones
3927,iphone
2571,gaming
4829,nike shoes
118,coffee machine
2914,headphones
642,jacket
4560,iphone
4,toys
4425,coffee machine
1947,coffee machine
4427,iphone
2907,book
3144,laptop
2313,iphone
124,laptop
339,coffee machine
738,coffee machine
1167,laptop
3157,coffee machine
1817,kitchen
2348,toys
1007,coffee machine
3421,laptop
777,toys
329,book
4063,toys
699,nike shoes
2823,gaming
2476,toys
280,jacket
553,gaming
630,book
4192,kitchen
3407,coffee machine
4986,book
4228,iphone
2943,toys
4767,nike shoes
4127,nike shoes
3709,gaming
2077,headphones
178,kitchen
3996,toys
2283,laptop
1471,headphones
549,book
3824,book
2454,toys
1598,book
1160,coffee machine
89,laptop
4498,coffee machine
1422,coffee machine
4158,headphones
431,laptop
565,coffee machine
4252,jacket
1018,iphone
3549,coffee machine
3843,jacket
709,iphone
1536,coffee machine
3897,coffee machine
1974,coffee machine
301,gaming
1807,coffee machine
77,coffee machine
4332,book
4172,headphones
2108,laptop
3154,nike shoes
3636,nike shoes
344,book
3038,headphones
3099,headphones
380,headphones
425,kitchen
1577,coffee machine
807,toys
1568,nike shoes
1191,book
1007,headphones
24,headphones
3619,laptop
2959,iphone
2994,iphone
3214,toys
531,gaming
3868,toys
2119,coffee machine
1681,book
1295,kitchen
3758,kitchen
1034,book
3272,toys
3077,gaming
3108,kitchen
191,coffee machine
4334,gaming
3203,kitchen
2375,kitchen
713,toys
785,jacket
4177,kitchen
754,coffee machine
2345,book
2444,headphones
3443,book
192,iphone
216,jacket
4165,nike shoes
2725,book
3830,laptop
223,gaming
110,nike shoes
1622,jacket
4801,book
2938,book
1134,iphone
129,laptop
1538,headphones
4516,nike shoes
2064,nike shoes
783,toys
4459,kitchen
4186,kitchen
2444,nike shoes
125,gaming
4717,coffee machine
3328,headphones
78,nike shoes
3320,headphones
2671,toys
4268,nike shoes
4003,coffee machine
894,book
4254,nike shoes
416,book
4151,iphone
3129,toys
4952,jacket
568,book
498,headphones
2875,jacket
4455,headphones
2707,nike shoes
1755,toys
1656,book
3470,gaming
2236,gaming
3922,book
2293,book
4178,iphone
241,coffee machine
275,iphone
2606,kitchen
4581,book
4802,jacket
3841,laptop
3835,headphones
4187,book
2986,iphone
1638,coffee machine
4393,kitchen
1019,nike shoes
1163,headphones
2240,iphone
4090,nike shoes
1448,toys
3963,toys
3820,book
1075,headphones
637,headphones
726,toys
113,coffee machine
2331,kitchen
434,coffee machine
421,laptop
4716,gaming
2064,toys
2447,headphones
4090,gaming
940,kitchen
103,gaming
4978,kitchen
2637,nike shoes
584,book
4793,kitchen
2232,toys
3312,jacket
1437,coffee machine
4822,laptop
2653,nike shoes
3399,laptop
2903,gaming
3144,laptop
677,laptop
2120,nike shoes
2162,iphone
3798,nike shoes
1160,jacket
2047,toys
3501,gaming
328,toys
2670,jacket
4370,headphones
4590,jacket
4589,toys
2150,book
4414,laptop
922,kitchen
1064,toys
1245,headphones
4966,nike shoes
3893,headphones
4162,jacket
191,book
7,book
3445,gaming
3652,coffee machine
3668,coffee machine
1310,nike shoes
1600,jacket
3430,laptop
2551,toys
3923,gaming
4730,coffee machine
4530,book
4773,toys
1150,book
2695,iphone
1412,book
3707,gaming
210,nike shoes
35,nike shoes
3059,book
810,iphone
662,jacket
219,book
2887,gaming
4835,headphones
1910,book
3507,nike shoes
404,laptop
3208,nike shoes
2016,laptop
16,book
321,nike shoes
3340,book
3215,laptop
4407,jacket
291,book
1771,toys
4152,nike shoes
1670,book
2332,toys
3155,laptop
3918,gaming
4153,kitchen
3202,coffee machine
4240,coffee machine
1336,iphone
2599,coffee machine
740,nike shoes
4091,toys
3277,iphone
1089,kitchen
1417,laptop
2747,nike shoes
2228,gaming
4882,toys
2904,iphone
365,book
519,jacket
2603,kitchen
473,kitchen
2525,nike shoes
3837,headphones
4196,toys
56,kitchen
4989,book
4542,toys
2549,jacket
2553,laptop
239,book
5000,headphones
4009,gaming
2117,kitchen
2446,jacket
2442,nike shoes
4106,nike shoes
4381,jacket
2579,coffee machine
810,gaming
4601,headphones
1950,nike shoes
3287,jacket
2295,toys
3386,kitchen
1411,headphones
1970,gaming
3563,iphone
4282,headphones
4070,toys
4506,kitchen
3828,jacket
3983,coffee machine
3686,kitchen
434,coffee machine
192,jacket
4097,jacket
1312,book
833,gaming
4925,nike shoes
1671,jacket
474,iphone
2260,kitchen
4821,headphones
2526,book
2664,kitchen
1984,jacket
1255,coffee machine
2197,iphone
5001,coffee machine
2053,jacket
2436,book
4180,kitchen
3936,toys
4336,kitchen
3165,jacket
1086,iphone
4761,toys
1662,gaming
104,nike shoes
639,gaming
1616,book
2737,laptop
1310,nike shoes
120,headphones
3483,nike shoes
4279,toys
671,coffee machine
1908,toys
2440,coffee machine
973,jacket
4079,kitchen
3327,gaming
3509,gaming
3346,toys
1359,kitchen
4060,toys
659,iphone
2038,jacket
4103,laptop
3382,coffee machine
4650,laptop
2444,toys
244,toys
2321,kitchen
3142,kitchen
1970,jacket
704,jacket
1637,laptop
1828,gaming
1270,headphones
1351,toys
4596,gaming
1530,laptop
4970,jacket
246,jacket
2913,nike shoes
2445,nike shoes
988,book
1546,toys
3875,coffee machine
1401,nike shoes
4857,gaming
3412,iphone
1973,headphones
1165,nike shoes
1663,laptop
417,toys
3919,headphones
232,book
4590,iphone
141,kitchen
4054,toys
4105,gaming
4237,book
1758,laptop
2234,iphone
3887,nike shoes
871,iphone
258,book
2389,book
2533,jacket
761,jacket
179,headphones
3815,gaming
1118,book
2098,iphone
3169,book
348,toys
758,nike shoes
3715,headphones
4482,jacket
3601,coffee machine
1856,jacket
1028,nike shoes
4718,iphone
4450,toys
1586,jacket
269,jacket
3745,toys
3847,coffee machine
1193,iphone
1890,toys
479,nike shoes
4036,coffee machine
4103,book
302,kitchen
1949,gaming
328,headphones
2530,nike shoes
347,headphones
2698,nike shoes
1897,book
4666,kitchen
227,nike shoes
4033,coffee machine
3032,nike shoes
772,toys
3341,nike shoes
2773,toys
1027,laptop
767,book
2644,gaming
1860,laptop
400,book
566,jacket
4380,book
964,coffee machine
429,nike shoes
1876,coffee machine
4005,jacket
3407,laptop
296,toys
3885,coffee machine
3679,kitchen
2623,gaming
4011,coffee machine
4340,nike shoes
1182,headphones
4605,headphones
3064,book
3498,iphone
2057,toys
1311,jacket
1771,nike shoes
276,toys
86,coffee machine
2865,laptop
1893,toys
4573,jacket
1947,toys
2624,gaming
3462,nike shoes
213,kitchen
3394,iphone
328,nike shoes
1001,iphone
3169,toys
3616,gaming
3651,jacket
4093,nike shoes
1055,nike shoes
67,iphone
435,iphone
4515,book
723,laptop
689,kitchen
4309,gaming
4357,laptop
112,nike shoes
815,gaming
3251,toys
2606,gaming
1271,nike shoes
660,coffee machine
24,laptop
692,kitchen
3416,iphone
4490,nike shoes
316,book
4827,headphones
3368,gaming
2382,headphones
2780,coffee machine
3109,headphones
3602,toys
954,kitchen
1928,headphones
1092,kitchen
3404,nike shoes
3049,toys
2779,book
1446,nike shoes
4502,coffee machine
3443,gaming
3860,toys
3918,kitchen
4509,book
1375,iphone
502,toys
4791,toys
4488,headphones
3627,headphones
3974,jacket
3200,jacket
2997,gaming
3229,toys
4588,book
1569,book
4290,coffee machine
3351,jacket
1453,nike shoes
1583,laptop
3601,book
4246,toys
121,toys
3354,headphones
1215,book
3734,iphone
4949,headphones
309,toys
4773,toys
2512,toys
65,iphone
250,jacket
4595,coffee machine
210,toys
4101,toys
2317,kitchen
4267,kitchen
2317,coffee machine
4559,toys
3140,kitchen
64,nike shoes
1472,laptop
426,toys
3570,gaming
2057,jacket
1410,toys
871,book
3967,book
4256,gaming
1740,jacket
956,jacket
803,nike shoes
3968,toys
178,coffee machine
4185,kitchen
3873,toys
3253,nike shoes
4073,nike shoes
4061,kitchen
2068,laptop
1549,gaming
4714,iphone
4320,book
3255,jacket
2331,iphone
2791,book
2031,nike shoes
3358,jacket
4068,book
4992,kitchen
1628,coffee machine
787,coffee machine
1419,toys
869,nike shoes
2642,kitchen
395,book
2868,gaming
4386,gaming
1599,headphones
4820,jacket
4697,nike shoes
3251,coffee machine
2691,toys
2976,book
2393,gaming
1824,iphone
2684,headphones
705,iphone
4337,iphone
257,iphone
3135,laptop
252,book
1401,headphones
2240,headphones
3090,headphones
1286,jacket
807,gaming
4770,iphone
4634,kitchen
2393,toys
734,coffee machine
4936,book
4763,kitchen
1659,headphones
3876,kitchen
295,headphones
4153,jacket
4041,coffee machine
4155,jacket
4329,gaming
4352,gaming
3368,nike shoes
1837,jacket
659,toys
796,nike shoes
2179,headphones
4789,laptop
953,coffee machine
3751,iphone
4017,coffee machine
4430,coffee machine
840,coffee machine
2793,toys
1860,laptop
3413,laptop
3862,coffee machine
2670,laptop
4785,jacket
3255,jacket
345,jacket
487,jacket
4603,coffee machine
4197,jacket
3379,toys
2060,toys
785,nike shoes
1192,book
3314,nike shoes
4948,iphone
1336,coffee machine
4812,laptop
3289,book
3132,book
2506,book
3203,headphones
2214,coffee machine
4639,coffee machine
3186,headphones
4907,jacket
3349,iphone
4973,iphone
2295,kitchen
4445,coffee machine
1243,gaming
102,jacket
1327,nike shoes
3050,headphones
749,toys
162,nike shoes
3545,gaming
3719,laptop
813,nike shoes
2007,kitchen
4041,iphone
605,iphone
2164,headphones
1037,headphones
563,jacket
3935,toys
484,jacket
421,iphone
384,gaming
632,headphones
149,nike shoes
3180,headphones
2151,kitchen
1072,kitchen
710,nike shoes
2160,iphone
1357,jacket
4791,jacket
4185,coffee machine
2613,laptop
4029,jacket
3501,kitchen
369,headphones
4995,nike shoes
3203,gaming
2811,iphone
3281,coffee machine
1376,coffee machine
1044,gaming
1433,book
4437,kitchen
4790,toys
1510,jacket
3130,book
3148,toys
2270,laptop
397,coffee machine
1976,toys
1716,kitchen
536,jacket
1967,gaming
2247,coffee machine
3087,headphones
4885,book
4646,laptop
3546,kitchen
1358,iphone
2740,laptop
2792,kitchen
1919,toys
714,headphones
4077,laptop
671,nike shoes
4925,gaming
4805,book
1912,gaming
1780,jacket
3849,jacket
3321,gaming
1551,iphone
759,nike shoes
2013,book
459,iphone
1215,nike shoes
900,kitchen
2890,iphone
3582,toys
3996,laptop
1673,coffee machine
1183,iphone
2956,coffee machine
868,book
34,coffee machine
2745,nike shoes
3377,book
3433,iphone
4351,laptop
4984,book
2154,book
3277,gaming
3457,headphones
973,toys
4284,coffee machine
3499,jacket
1563,toys
369,nike shoes
1675,nike shoes
1008,toys
3351,book
3374,kitchen
784,laptop
3482,gaming
1078,gaming
3008,jacket
1729,book
2339,headphones
2361,book
1091,headphones
811,kitchen
2090,coffee machine
1825,laptop
3067,book
4285,jacket
377,gaming
2492,toys
1316,jacket
1295,book
1822,gaming
714,gaming
3051,toys
2560,nike shoes
150,nike shoes
4061,jacket
1713,jacket
3133,headphones
4364,iphone
3192,book
2500,gaming
574,headphones
1567,toys
3887,jacket
1717,gaming
1123,book
2495,book
1433,kitchen
753,coffee machine
1760,kitchen
307,nike shoes
4982,coffee machine
2811,laptop
93,kitchen
865,toys
3671,gaming
2581,toys
2015,nike shoes
1760,jacket
2542,book
2384,nike shoes
2973,coffee machine
291,book
4197,gaming
1737,toys
4560,coffee machine
4882,iphone
1477,gaming
1559,iphone
4293,kitchen
2666,laptop
833,gaming
2806,coffee machine
30,book
2082,coffee machine
4741,jacket
3769,kitchen
1137,laptop
1385,iphone
4580,coffee machine
2903,gaming
505,toys
672,book
514,gaming
3568,laptop
4304,jacket
68,coffee machine
3854,iphone
4480,gaming
1945,coffee machine
4367,headphones
835,kitchen
556,nike shoes
381,iphone
531,book
2571,book
582,headphones
3394,jacket
3885,iphone
4978,coffee machine
4809,coffee machine
3638,laptop
723,laptop
56,jacket
528,book
2652,coffee machine
3023,coffee machine
4206,coffee machine
804,toys
4957,iphone
649,laptop
125,nike shoes
3245,coffee machine
1825,laptop
4902,laptop
1001,book
4413,gaming
1666,iphone
176,book
3421,jacket
4791,gaming
3227,book
3389,coffee machine
1887,laptop
1469,gaming
2427,gaming
3720,iphone
3455,coffee machine
3632,laptop
1827,iphone
2339,book
1115,book
2335,headphones
27,nike shoes
1783,toys
3047,laptop
2199,book
4470,coffee machine
205,jacket
62,toys
1983,iphone
352,kitchen
678,laptop
301,nike shoes
1771,nike shoes
2970,jacket
4675,headphones
58,headphones
4999,headphones
791,gaming
4178,iphone
4792,toys
4391,kitchen
4675,iphone
3578,book
4362,book
4145,laptop
1618,headphones
3425,coffee machine
2079,jacket
3070,iphone
3064,kitchen
4137,coffee machine
265,headphones
1194,coffee machine
250,book
904,nike shoes
1289,gaming
4063,nike shoes
4421,kitchen
3959,nike shoes
4156,book
1561,headphones
4342,book
3213,laptop
1774,gaming
1131,headphones
471,iphone
4370,coffee machine
2543,iphone
206,toys
381,book
2586,coffee machine
568,toys
1241,jacket
8,kitchen
224,kitchen
2213,gaming
355,headphones
3782,iphone
584,gaming
2149,nike shoes
4238,laptop
3158,laptop
4476,gaming
2558,gaming
2893,iphone
2832,toys
1930,iphone
330,headphones
2278,coffee machine
462,coffee machine
543,gaming
4055,nike shoes
2085,book
4984,laptop
454,toys
2375,toys
3438,iphone
1131,iphone
1633,headphones
4529,book
2571,jacket
4256,laptop
85,gaming
958,gaming
3376,jacket
4606,gaming
653,gaming
802,coffee machine
4664,iphone
1936,iphone
3601,book
253,nike shoes
2596,laptop
4396,headphones
4544,nike shoes
1855,toys
1780,jacket
2510,jacket
3344,laptop
470,nike shoes
2204,kitchen
3901,coffee machine
909,gaming
1924,jacket
4810,nike shoes
909,kitchen
3167,gaming
2965,gaming
3365,nike shoes
1409,gaming
859,nike shoes
1707,headphones
4908,iphone
2705,gaming
5000,toys
935,book
1343,headphones
3351,laptop
4298,jacket
874,book
3721,kitchen
2926,kitchen
1914,headphones
4033,coffee machine
2330,nike shoes
402,laptop
3000,nike shoes
3202,laptop
1299,headphones
898,nike shoes
298,iphone
3924,book
2047,coffee machine
907,coffee machine
2927,iphone
350,headphones
3147,iphone
3957,kitchen
4633,nike shoes
430,toys
1195,headphones
1936,jacket
765,gaming
1398,headphones
101,gaming
4759,book
3114,coffee machine
3075,toys
3599,nike shoes
2261,iphone
3132,nike shoes
3129,headphones
333,toys
3221,nike shoes
1022,nike shoes
178,iphone
1340,jacket
199,nike shoes
3069,book
3193,iphone
1642,jacket
1115,jacket
648,toys
4316,kitchen
2390,gaming
4554,book
826,kitchen
4287,iphone
1356,kitchen
3397,kitchen
3836,gaming
4065,headphones
1215,headphones
2906,kitchen
3635,nike shoes
1550,toys
3302,jacket
1430,nike shoes
1770,laptop
2499,coffee machine
3084,nike shoes
3862,nike shoes
4262,kitchen
4769,nike shoes
204,kitchen
2217,laptop
451,headphones
4167,book
768,laptop
732,headphones
2556,nike shoes
2759,book
3052,iphone
376,kitchen
602,kitchen
106,kitchen
3997,book
2064,kitchen
2745,toys
3997,jacket
3714,kitchen
2502,jacket
1408,laptop
272,coffee machine
1496,nike shoes
3145,jacket
936,iphone
4405,kitchen
877,laptop
2686,kitchen
1146,headphones
3424,laptop
424,jacket
1831,iphone
4069,iphone
4674,coffee machine
256,laptop
2496,gaming
4876,toys
3993,laptop
4654,book
4798,kitchen
1694,kitchen
1980,laptop
2685,jacket
3988,toys
708,book
1735,nike shoes
1916,jacket
3421,book
4167,book
3734,headphones
672,gaming
758,laptop
2066,kitchen
664,nike shoes
224,kitchen
801,nike shoes
2092,laptop
3069,book
4118,coffee machine
3765,toys
54,nike shoes
4355,headphones
835,headphones
2116,laptop
1296,coffee machine
3877,kitchen
535,gaming
2174,gaming
2108,nike shoes
2009,kitchen
2167,toys
1072,book
3713,iphone
4073,jacket
1558,coffee machine
4251,jacket
1727,gaming
977,laptop
3966,nike shoes
1245,coffee machine
4829,iphone
2762,coffee machine
1095,coffee machine
4779,coffee machine
1663,book
4991,laptop
566,kitchen
1920,kitchen
811,nike shoes
4798,iphone
2422,book
4930,nike shoes
4966,gaming
3081,laptop
410,headphones
2038,headphones
1581,nike shoes
4166,kitchen
1310,book
2376,toys
2633,nike shoes
3520,book
3750,iphone
1709,gaming
810,headphones
2610,nike shoes
2107,gaming
1862,gaming
962,iphone
1036,laptop
2796,toys
2144,coffee machine
1754,gaming
4908,coffee machine
635,laptop
237,laptop
628,laptop
4889,coffee machine
1297,jacket
3626,kitchen
284,headphones
3737,kitchen
3692,nike shoes
3295,jacket
4565,kitchen
3532,jacket
2334,kitchen
3539,gaming
3755,nike shoes
1516,headphones
4133,iphone
4908,toys
3417,gaming
2525,coffee machine
131,toys
3742,toys
4857,book
1388,jacket
2736,iphone
1384,jacket
3503,toys
3072,headphones
2725,jacket
3227,kitchen
2130,nike shoes
1266,gaming
2138,laptop
1674,jacket
2441,iphone
4249,toys
4918,laptop
471,toys
1274,headphones
851,gaming
3745,kitchen
4239,toys
2191,iphone
901,kitchen
1931,laptop
4488,jacket
909,book
2110,kitchen
3718,laptop
4374,coffee machine
3058,coffee machine
4635,toys
2126,iphone
709,jacket
123,iphone
2753,laptop
990,gaming
2572,headphones
3705,jacket
3292,gaming
964,headphones
4095,nike shoes
969,gaming
4567,gaming
2673,jacket
3082,gaming
1095,jacket
203,book
2061,toys
4624,book
1580,iphone
2813,nike shoes
3332,nike shoes
3918,nike shoes
1106,iphone
1555,toys
810,iphone
508,book
4439,headphones
170,toys
4302,headphones
921,kitchen
3979,book
1792,headphones
180,book
4889,gaming
3777,jacket
4437,iphone
3383,laptop
2333,laptop
590,nike shoes
3753,laptop
2192,jacket
4471,nike shoes
1794,toys
3265,iphone
3325,jacket
2124,coffee machine
2271,book
713,gaming
3300,laptop
2388,kitchen
1948,iphone
1951,iphone
4895,nike shoes
2827,toys
4436,iphone
2629,laptop
3103,coffee machine
2074,kitchen
3118,gaming
2492,jacket
1814,coffee machine
634,coffee machine
959,toys
2189,iphone
3314,kitchen
4464,jacket
4217,laptop
1102,toys
89,jacket
674,laptop
4723,nike shoes
4854,toys
3939,laptop
4228,coffee machine
4896,nike shoes
2118,iphone
3158,nike shoes
1412,laptop
2467,iphone
1162,toys
857,headphones
4085,gaming
4972,toys
1726,toys
318,toys
1990,jacket
2266,iphone
4635,headphones
3416,kitchen
1477,toys
4222,toys
2495,laptop
688,jacket
4984,laptop
1235,toys
454,laptop
173,headphones
4629,nike shoes
496,coffee machine
1444,coffee machine
1889,headphones
685,iphone
4166,coffee machine
2576,laptop
3402,gaming
3724,gaming
2275,jacket
4325,headphones
2942,jacket
3636,kitchen
3556,coffee machine
8,iphone
674,toys
2106,laptop
2691,laptop
1024,headphones
4792,toys
3176,toys
800,kitchen
3336,iphone
3784,laptop
4411,book
2516,jacket
3424,headphones
4935,iphone
4431,nike shoes
1288,gaming
717,laptop
2398,gaming
4423,iphone
1617,jacket
4707,toys
1697,jacket
2197,coffee machine
4798,iphone
2889,coffee machine
3547,jacket
1499,kitchen
500,kitchen
2815,nike shoes
1492,nike shoes
3196,kitchen
4389,book
360,book
1141,kitchen
3185,laptop
1801,book
2921,gaming
3771,jacket
792,laptop
3125,book
1388,iphone
3199,nike shoes
2817,gaming
4781,book
4246,jacket
3903,iphone
777,book
1879,gaming
811,iphone
2051,laptop
2996,gaming
1367,toys
30,jacket
3242,book
1271,nike shoes
1927,coffee machine
4442,jacket
2447,headphones
4599,book
2689,kitchen
4783,coffee machine
3355,book
611,jacket
2168,book
2579,headphones
4523,kitchen
2406,jacket
3699,toys
3632,kitchen
1026,iphone
3857,headphones
4073,nike shoes
3189,laptop
3106,laptop
446,coffee machine
2167,laptop
4855,toys
3814,coffee machine
4548,iphone
31,nike shoes
883,toys
2751,toys
3871,laptop
2345,kitchen
1795,book
1549,coffee machine
4030,toys
4988,kitchen
4553,gaming
4150,gaming
4737,toys
3756,laptop
4527,toys
3368,iphone
3351,toys
1421,laptop
543,nike shoes
1225,laptop
938,book
3360,book
1958,kitchen
1382,coffee machine
4264,jacket
4885,jacket
3752,coffee machine
2038,gaming
4278,iphone
4028,iphone
2029,coffee machine
4741,nike shoes
2024,iphone
3211,book
4480,gaming
3048,kitchen
1731,kitchen
1208,headphones
2548,jacket
868,book
4879,iphone
4316,book
986,nike shoes
4084,coffee machine
2431,headphones
668,iphone
4503,jacket
3949,jacket
1939,headphones
1665,jacket
4188,coffee machine
2746,toys
4218,kitchen
1891,iphone
3808,kitchen
3174,headphones
598,headphones
4900,toys
643,book
4567,toys
1755,iphone
2589,kitchen
2232,toys
41,jacket
955,laptop
3970,jacket
3661,coffee machine
2438,laptop
3286,gaming
3350,iphone
3038,laptop
132,coffee machine
3414,iphone
534,iphone
2403,kitchen
1350,iphone
528,iphone
3372,headphones
1412,jacket
852,gaming
3802,jacket
1871,kitchen
2374,toys
4350,jacket
2218,book
569,book
3825,iphone
2425,laptop
4270,coffee machine
3513,iphone
2457,laptop
709,iphone
377,nike shoes
4213,nike shoes
1219,coffee machine
2489,headphones
1609,kitchen
3435,nike shoes
1988,laptop
3530,laptop
1071,headphones
3602,coffee machine
4782,laptop
3621,headphones
4601,headphones
3861,iphone
3760,gaming
4176,headphones
3704,nike shoes
3373,kitchen
1062,headphones
1678,gaming
3527,jacket
768,book
1624,toys
333,book
557,coffee machine
1252,laptop
445,book
229,iphone
643,jacket
796,jacket
4866,kitchen
4616,gaming
280,toys
1048,headphones
1592,kitchen
503,headphones
82,book
246,coffee machine
3894,kitchen
4995,headphones
2473,laptop
367,gaming
3186,toys
2998,coffee machine
94,laptop
1194,iphone
4205,toys
2478,nike shoes
4936,book
1490,kitchen
4450,jacket
762,jacket
4746,iphone
372,jacket
993,kitchen
4597,iphone
256,coffee machine
3271,nike shoes
4930,toys
966,toys
3727,toys
694,nike shoes
4682,book
714,jacket
3915,book
4063,book
3589,laptop
2788,book
301,gaming
3586,nike shoes
555,jacket
848,book
302,iphone
2153,toys
2308,coffee machine
226,iphone
1205,toys
3928,kitchen
5,coffee machine
2470,headphones
2140,laptop
254,book
2164,book
205,toys
3740,headphones
353,jacket
4385,jacket
3332,book
4411,book
1524,kitchen
3071,toys
4279,laptop
4504,book
1481,iphone
3979,headphones
1397,toys
2288,laptop
4127,laptop
3212,coffee machine
336,coffee machine
4844,jacket
546,iphone
1157,book
917,kitchen
1878,gaming
482,coffee machine
2271,book
2777,laptop
4256,jacket
1365,jacket
3531,coffee machine
2786,gaming
3883,kitchen
3862,book
2948,headphones
3798,toys
4431,laptop
576,kitchen
4559,laptop
1695,jacket
4531,kitchen
4648,iphone
4869,kitchen
3118,jacket
3888,toys
3556,jacket
490,nike shoes
3631,jacket
3889,headphones
4032,kitchen
4818,iphone
1029,jacket
2565,gaming
3901,jacket
4667,gaming
4288,gaming
4672,kitchen
3529,book
704,kitchen
408,kitchen
1808,headphones
1367,toys
4314,toys
200,nike shoes
3394,toys
1332,toys
3246,gaming
2627,gaming
352,iphone
4525,toys
692,nike shoes
1544,coffee machine
2244,toys
4348,kitchen
360,book
2929,book
4590,toys
1166,laptop
1759,book
1186,nike shoes
2084,headphones
4047,jacket
3494,kitchen
1840,gaming
2446,gaming
2584,kitchen
1593,coffee machine
4804,nike shoes
1785,book
2446,kitchen
3487,jacket
633,laptop
2618,kitchen
2659,jacket
2932,jacket
216,toys
2654,headphones
2258,headphones
2038,book
1617,toys
52,gaming
2434,toys
1499,toys
4712,coffee machine
2135,headphones
884,toys
1708,headphones
1161,gaming
3506,headphones
2993,kitchen
282,nike shoes
987,jacket
4863,nike shoes
293,headphones
3336,laptop
3753,book
4049,toys
3238,laptop
365,toys
2917,toys
403,nike shoes
1345,laptop
4319,headphones
2135,headphones
4007,gaming
2589,gaming
1687,gaming
721,nike shoes
1843,jacket
4929,gaming
3692,toys
2769,jacket
597,nike shoes
608,book
2454,headphones
4127,book
2926,toys
4181,laptop
4882,headphones
4792,laptop
748,laptop
1178,book
3579,headphones
4947,kitchen
28,jacket
2445,iphone
3336,toys
3837,gaming
1854,kitchen
1754,kitchen
2938,coffee machine
4046,headphones
3665,book
2897,toys
570,nike shoes
4240,nike shoes
3717,coffee machine
643,laptop
2083,jacket
2124,gaming
2712,kitchen
563,jacket
3132,laptop
67,toys
1699,headphones
561,iphone
2924,book
954,toys
3402,nike shoes
4646,headphones
4424,jacket
3987,book
4993,toys
2222,nike shoes
1704,coffee machine
1054,book
586,kitchen
151,toys
3483,jacket
4420,laptop
295,iphone
4639,toys
3800,laptop
2781,toys
4257,iphone
1313,toys
3931,nike shoes
663,laptop
1289,nike shoes
3763,iphone
109,nike shoes
1124,iphone
3702,headphones
4931,jacket
1330,book
2495,iphone
357,kitchen
986,jacket
2371,laptop
1771,jacket
3689,coffee machine
1679,nike shoes
2538,nike shoes
3099,gaming
3646,nike shoes
800,kitchen
1934,kitchen
3306,iphone
4575,nike shoes
4288,nike shoes
809,iphone
387,headphones
1615,jacket
3797,coffee machine
2078,headphones
2114,coffee machine
732,jacket
1080,kitchen
1649,coffee machine
2759,toys
548,coffee machine
1262,kitchen
2158,toys
3563,laptop
1348,gaming
3218,jacket
3330,kitchen
2371,gaming
3772,book
1004,toys
4730,book
184,headphones
1190,headphones
2552,iphone
1173,jacket
1102,coffee machine
4046,jacket
4109,kitchen
1122,laptop
473,headphones
1819,gaming
4099,headphones
1929,coffee machine
3151,nike shoes
2239,book
2441,gaming
2790,kitchen
1833,headphones
2867,jacket
902,gaming
3044,toys
2796,headphones
4497,coffee machine
2509,kitchen
773,book
2478,laptop
2896,gaming
112,book
3978,gaming
748,iphone
4610,iphone
3608,iphone
4979,iphone
1759,headphones
2505,nike shoes
912,coffee machine
2581,jacket
101,toys
4143,kitchen
3888,headphones
3635,laptop
4724,nike shoes
2124,kitchen
2225,book
4942,coffee machine
4912,gaming
168,iphone
3883,iphone
1758,toys
3221,toys
2243,gaming
1655,iphone
197,gaming
3598,headphones
1000,iphone
1347,kitchen
2122,headphones
1017,toys
2230,nike shoes
2546,iphone
4369,jacket
1608,laptop
4832,toys
2039,jacket
4807,nike shoes
4996,kitchen
4106,book
2141,toys
912,laptop
3135,coffee machine
1473,nike shoes
2518,coffee machine
1775,toys
4965,jacket
951,book
1993,jacket
1468,nike shoes
607,headphones
4489,nike shoes
282,jacket
2461,coffee machine
3178,iphone
2478,coffee machine
4648,coffee machine
1087,kitchen
497,nike shoes
1927,nike shoes
1552,laptop
4084,laptop
1310,toys
3487,kitchen
2697,iphone
3420,gaming
4030,iphone
1341,nike shoes
4525,kitchen
1232,toys
2205,iphone
2338,toys
937,coffee machine
1918,kitchen
4410,iphone
597,iphone
60,nike shoes
4650,nike shoes
3244,book
1342,jacket
3936,laptop
1225,book
2053,iphone
2219,nike shoes
3452,jacket
1256,coffee machine
1615,laptop
880,laptop
3081,coffee machine
2217,book
12,headphones
1975,nike shoes
4654,iphone
2760,coffee machine
1551,kitchen
4498,iphone
10,book
2847,coffee machine
4984,laptop
853,headphones
2062,book
550,gaming
3651,coffee machine
586,toys
996,laptop
2048,coffee machine
2446,laptop
4221,book
4016,jacket
1207,toys
1017,coffee machine
4668,jacket
495,jacket
2302,kitchen
2223,nike shoes
4923,headphones
488,nike shoes
2179,toys
4273,toys
2540,book
245,coffee machine
2317,laptop
2520,book
1254,coffee machine
285,laptop
1207,iphone
1170,kitchen
2140,headphones
3449,headphones
4006,book
3704,gaming
4731,nike shoes
1628,jacket
3023,kitchen
212,iphone
1713,kitchen
972,nike shoes
3672,iphone
391,book
990,jacket
2453,toys
2442,nike shoes
2439,jacket
1175,coffee machine
3478,nike shoes
3701,toys
2954,headphones
1244,jacket
1208,toys
3097,book
4124,coffee machine
1055,nike shoes
2875,coffee machine
977,coffee machine
2058,kitchen
1416,jacket
3975,gaming
3341,toys
3607,coffee machine
3984,iphone
524,toys
317,gaming
1968,headphones
3376,iphone
2871,iphone
321,jacket
4620,headphones
3158,laptop
2149,nike shoes
4131,gaming
4201,gaming
1261,toys
3911,gaming
2975,nike shoes
394,gaming
3776,iphone
4884,gaming
2459,toys
3092,book
4078,laptop
2378,kitchen
3735,book
601,book
2603,coffee machine
1068,jacket
4156,nike shoes
3640,coffee machine
102,headphones
1380,headphones
1936,coffee machine
1569,coffee machine
756,book
2908,nike shoes
428,coffee machine
1890,laptop
3604,laptop
4916,headphones
1043,nike shoes
4034,iphone
2673,kitchen
3468,book
976,gaming
67,coffee machine
4031,book
4796,nike shoes
320,headphones
2006,toys
65,laptop
1652,headphones
2601,gaming
4675,coffee machine
886,gaming
3941,coffee machine
2369,gaming
4565,jacket
3848,iphone
2424,jacket
2983,laptop
1828,jacket
4441,headphones
2296,coffee machine
3006,headphones
2656,coffee machine
3735,nike shoes
111,book
1062,coffee machine
4860,gaming
3565,jacket
1430,gaming
1245,toys
1196,toys
2496,laptop
4903,iphone
1845,jacket
278,iphone
19,toys
684,headphones
906,iphone
3219,toys
3429,jacket
820,headphones
2271,nike shoes
4685,kitchen
3112,nike shoes
3565,jacket
3345,gaming
2672,kitchen
3409,laptop
413,coffee machine
4230,laptop
676,jacket
712,coffee machine
2740,headphones
3498,kitchen
4370,nike shoes
1270,laptop
4454,toys
392,iphone
1431,gaming
232,laptop
2623,book
845,coffee machine
2660,book
1383,gaming
4819,headphones
4037,laptop
2601,iphone
807,nike shoes
1386,book
1821,book
4211,jacket
2787,toys
3033,nike shoes
2215,toys
2777,toys
2095,iphone
3052,toys
3482,nike shoes
1596,gaming
3124,gaming
2699,kitchen
3864,headphones
1974,kitchen
2422,nike shoes
4143,toys
583,jacket
4079,headphones
772,headphones
3800,toys
442,kitchen
789,laptop
3046,toys
1843,kitchen
1426,toys
4158,laptop
4682,jacket
1547,headphones
2119,headphones
448,toys
2508,headphones
3054,coffee machine
3604,kitchen
3714,gaming
3999,jacket
2918,headphones
1147,headphones
1954,toys
1928,iphone
4685,book
2778,toys
4475,gaming
4817,book
3249,nike shoes
3254,kitchen
3907,kitchen
4766,headphones
1457,iphone
3181,kitchen
444,laptop
3102,gaming
1648,iphone
4003,toys
2290,gaming
931,jacket
2348,kitchen
1224,kitchen
874,iphone
2265,nike shoes
1678,iphone
3818,nike shoes
4242,laptop
1159,laptop
4751,iphone
1484,laptop
242,gaming
210,iphone
1521,iphone
3636,kitchen
297,jacket
4385,iphone
568,laptop
3011,iphone
4070,coffee machine
3393,laptop
153,book
1621,headphones
1348,kitchen
3574,kitchen
1661,laptop
1899,coffee machine
1205,iphone
4153,iphone
1775,headphones
1373,toys
2843,nike shoes
3650,gaming
4403,toys
4010,headphones
3768,gaming
2036,iphone
2683,jacket
877,gaming
2866,gaming
499,coffee machine
2687,kitchen
235,coffee machine
2317,iphone
2993,jacket
2800,book
1098,kitchen
3292,nike shoes
4961,kitchen
1490,jacket
329,toys
1407,kitchen
3493,kitchen
4318,toys
2967,iphone
2851,jacket
3467,gaming
1611,kitchen
3068,iphone
2251,nike shoes
1866,gaming
1435,iphone
4600,coffee machine
4971,coffee machine
4773,nike shoes
44,headphones
4407,book
2532,gaming
729,iphone
3787,laptop
4332,kitchen
1564,laptop
833,headphones
2321,nike shoes
3339,coffee machine
194,nike shoes
4559,laptop
2137,iphone
3944,nike shoes
819,jacket
527,jacket
1866,laptop
4235,kitchen
4773,nike shoes
3714,iphone
2307,book
3850,book
21,toys
1057,iphone
621,toys
4081,jacket
3203,nike shoes
665,headphones
534,book
1308,jacket
4275,laptop
2307,laptop
3688,book
14,kitchen
2603,laptop
92,book
4703,jacket
4311,iphone
27,coffee machine
4904,jacket
884,headphones
328,iphone
3369,headphones
1316,jacket
4976,kitchen
1954,headphones
3443,book
249,laptop
2399,coffee machine
609,book
4628,jacket
891,coffee machine
231,laptop
602,kitchen
1176,headphones
4214,nike shoes
1651,laptop
2404,nike shoes
2377,laptop
371,nike shoes
4780,gaming
3321,headphones
4969,book
2035,gaming
4157,coffee machine
3665,toys
3834,gaming
4583,headphones
4132,nike shoes
3893,gaming
3577,coffee machine
4414,iphone
1491,nike shoes
3344,book
909,nike shoes
61,headphones
2301,toys
1834,coffee machine
2300,coffee machine
59,headphones
3424,iphone
2070,jacket
1955,coffee machine
647,kitchen
1413,nike shoes
85,headphones
3519,toys
591,toys
4539,book
1082,book
2247,iphone
4897,coffee machine
1145,headphones
1830,gaming
658,laptop
1752,toys
961,kitchen
1961,toys
2645,coffee machine
2118,laptop
406,book
412,gaming
4034,laptop
4967,iphone
1337,toys
3377,toys
2668,toys
3878,jacket
214,laptop
1401,nike shoes
238,headphones
3964,headphones
4526,nike shoes
4657,iphone
1241,laptop
1069,iphone
1127,toys
4966,laptop
4626,gaming
1582,iphone
805,laptop
4176,kitchen
2915,headphones
2311,coffee machine
250,iphone
3955,coffee machine
1116,book
846,coffee machine
3644,headphones
4100,kitchen
1209,coffee machine
4681,headphones
4442,coffee machine
4671,headphones
57,iphone
2607,jacket
1074,headphones
3862,book
76,gaming
4048,laptop
2873,jacket
4759,jacket
823,headphones
2228,laptop
2011,gaming
3733,laptop
2283,coffee machine
2211,book
2672,jacket
766,gaming
1035,iphone
3670,book
2904,laptop
2331,jacket
4205,iphone
1480,coffee machine
4267,toys
4982,coffee machine
1461,headphones
2082,nike shoes
2830,gaming
3274,gaming
1678,coffee machine
4310,jacket
664,coffee machine
560,coffee machine
133,laptop
650,book
3389,iphone
2494,toys
219,jacket
686,iphone
3818,jacket
2997,nike shoes
3392,iphone
2355,book
2106,kitchen
3434,coffee machine
4114,iphone
4953,nike shoes
1992,gaming
1734,jacket
275,iphone
3090,headphones
3506,laptop
3069,nike shoes
3188,coffee machine
2483,book
209,nike shoes
2780,nike shoes
2795,jacket
28,kitchen
3316,kitchen
4290,laptop
2600,jacket
4263,nike shoes
4470,headphones
1900,toys
1708,laptop
1742,jacket
1284,coffee machine
1013,gaming
787,headphones
4777,kitchen
2409,headphones
2024,gaming
1179,gaming
2430,kitchen
112,kitchen
178,coffee machine
660,toys
3609,laptop
1868,jacket
854,coffee machine
3881,gaming
2852,nike shoes
4357,coffee machine
4769,nike shoes
3101,nike shoes
1108,laptop
1240,kitchen
4323,jacket
2099,toys
3774,book
3760,book
1701,laptop
2465,headphones
1303,jacket
3284,gaming
1647,jacket
561,toys
3275,coffee machine
1889,kitchen
3553,gaming
4383,jacket
4054,book
4012,book
2395,headphones
262,laptop
3942,headphones
2308,kitchen
4932,headphones
2218,jacket
2999,coffee machine
3541,toys
4524,headphones
3166,kitchen
3786,iphone
2299,jacket
4792,toys
3734,toys
774,nike shoes
3442,laptop
32,book
1323,iphone
4585,laptop
2454,nike shoes
1258,nike shoes
4702,kitchen
1865,toys
4168,iphone
3260,headphones
311,book
3484,nike shoes
1956,laptop
224,coffee machine
3333,kitchen
3060,nike shoes
815,gaming
767,gaming
3981,book
3769,toys
3692,coffee machine
3543,book
2769,laptop
860,headphones
4955,iphone
3520,kitchen
2279,gaming
3401,toys
3153,coffee machine
3137,gaming
3963,book
1494,gaming
4342,nike shoes
4497,iphone
854,headphones
3510,headphones
1912,toys
49,headphones
3378,jacket
3540,coffee machine
4091,gaming
3105,headphones
339,coffee machine
1196,jacket
430,kitchen
1411,iphone
2836,coffee machine
3749,kitchen
1693,nike shoes
1881,book
3043,coffee machine
2902,book
118,jacket
918,coffee machine
4010,kitchen
208,iphone
4440,laptop
2082,jacket
2237,headphones
3575,iphone
2264,iphone
1768,coffee machine
510,iphone
3343,laptop
227,kitchen
1288,coffee machine
3846,jacket
2956,toys
2026,laptop
1987,toys
3081,kitchen
816,coffee machine
4730,book
195,headphones
4414,laptop
4711,coffee machine
2229,nike shoes
683,jacket
3077,kitchen
418,laptop
1472,headphones
1852,gaming
247,coffee machine
3166,book
4871,laptop
3037,gaming
3773,book
4045,kitchen
103,book
4516,jacket
2409,jacket
4065,coffee machine
3454,nike shoes
794,jacket
110,laptop
2513,laptop
4915,iphone
463,laptop
3789,toys
3837,kitchen
1505,kitchen
4203,iphone
3832,jacket
3488,book
1181,coffee machine
2838,gaming
2240,gaming
4196,nike shoes
3722,coffee machine
4529,nike shoes
2243,book
1759,jacket
2812,nike shoes
2233,book
3265,book
4154,book
1794,book
3281,headphones
573,headphones
3013,nike shoes
1774,headphones
3472,toys
4315,jacket
1880,coffee machine
3854,kitchen
1223,headphones
4586,book
345,iphone
3659,gaming
4218,laptop
4928,headphones
3774,laptop
2888,coffee machine
3783,laptop
3655,book
1488,jacket
827,coffee machine
4707,headphones
1440,coffee machine
1061,gaming
217,gaming
2634,laptop
2913,nike shoes
4683,book
3368,coffee machine
3053,coffee machine
1545,headphones
745,laptop
1905,book
2258,headphones
1326,laptop
1787,book
1472,toys
550,headphones
328,gaming
4952,laptop
447,headphones
67,laptop
4673,jacket
4231,headphones
1652,coffee machine
3327,laptop
92,jacket
4348,iphone
4813,toys
344,iphone
2551,iphone
2002,headphones
1078,book
654,iphone
4813,gaming
3018,headphones
2830,headphones
1950,headphones
1618,book
2361,gaming
4651,toys
4256,jacket
1288,iphone
1605,jacket
3875,book
2353,book
2208,iphone
3404,kitchen
2330,jacket
169,jacket
2112,kitchen
2629,kitchen
3456,laptop
3960,coffee machine
3019,gaming
2900,toys
3615,kitchen
4237,coffee machine
3119,nike shoes
1266,toys
4477,gaming
2450,laptop
4842,toys
3617,iphone
4682,book
473,iphone
2308,jacket
4451,iphone
115,kitchen
4558,laptop
1383,headphones
3531,gaming
4792,book
2302,book
4707,coffee machine
3810,headphones
724,jacket
1514,toys
807,jacket
204,coffee machine
3969,iphone
148,nike shoes
794,iphone
2188,gaming
3673,toys
1816,laptop
1915,iphone
4977,laptop
2759,book
2164,toys
4529,coffee machine
2793,coffee machine
2789,toys
4598,jacket
3300,toys
2879,nike shoes
1386,jacket
2016,gaming
1210,kitchen
4739,toys
2556,jacket
3007,nike shoes
2075,book
4881,laptop
2502,nike shoes
1336,nike shoes
4890,coffee machine
2034,gaming
259,coffee machine
884,toys
1950,gaming
3430,jacket
2843,book
1954,gaming
630,iphone
4807,book
675,kitchen
3216,gaming
35,toys
1586,jacket
1548,jacket
2409,laptop
3252,jacket
4132,kitchen
1355,book
4662,coffee machine
393,gaming
3472,coffee machine
3037,gaming
803,iphone
1104,laptop
3920,nike shoes
763,jacket
2661,coffee machine
2607,coffee machine
2691,iphone
3323,laptop
566,book
3638,toys
913,toys
3318,toys
1598,kitchen
3871,book
2372,toys
3310,coffee machine
3679,laptop
3542,jacket
939,coffee machine
2547,coffee machine
1084,iphone
2178,nike shoes
2064,coffee machine
3662,nike shoes
501,jacket
2526,laptop
1145,iphone
4479,laptop
3843,book
3491,toys
2711,book
531,kitchen
4912,iphone
711,toys
3813,coffee machine
1942,headphones
2322,gaming
4073,gaming
1841,coffee machine
3486,kitchen
4573,headphones
4155,coffee machine
2897,laptop
954,toys
4558,coffee machine
171,gaming
403,book
3133,iphone
347,nike shoes
587,laptop
1659,headphones
2350,book
3920,laptop
4971,book
1561,iphone
4412,gaming
1841,kitchen
4357,gaming
1358,headphones
956,toys
2073,headphones
2770,nike shoes
4779,headphones
4227,kitchen
1119,jacket
3048,jacket
3825,toys
3977,book
863,coffee machine
2488,toys
2380,nike shoes
1657,book
2718,jacket
1324,toys
4055,nike shoes
4165,nike shoes
4630,laptop
946,jacket
1946,iphone
2861,headphones
2276,gaming
4686,kitchen
2993,gaming
3979,headphones
371,laptop
2501,book
3035,book
703,coffee machine
3523,headphones
3039,book
1024,book
3165,kitchen
4610,headphones
4770,jacket
1857,jacket
4415,iphone
3286,nike shoes
1555,book
3650,gaming
3763,jacket
2500,book
2227,headphones
783,coffee machine
2533,laptop
3938,headphones
2453,coffee machine
3967,jacket
2032,gaming
3448,gaming
2686,jacket
523,nike shoes
4371,kitchen
1621,kitchen
2315,laptop
2365,iphone
4096,coffee machine
4370,gaming
2712,nike shoes
4027,nike shoes
1258,jacket
3273,toys
2894,iphone
79,book
1275,jacket
1000,iphone
3262,coffee machine
1570,kitchen
4892,iphone
3892,iphone
414,iphone
1511,kitchen
1002,iphone
2820,toys
3379,kitchen
3631,jacket
4888,kitchen
1461,coffee machine
4656,book
878,nike shoes
1573,laptop
315,book
3682,book
540,kitchen
4612,iphone
3640,coffee machine
1025,iphone
1563,kitchen
1534,nike shoes
1067,jacket
1788,iphone
2235,headphones
1662,iphone
3865,toys
3108,laptop
796,headphones
4186,nike shoes
2342,coffee machine
1033,toys
610,jacket
1514,jacket
2478,nike shoes
157,book
2860,jacket
4742,laptop
4878,nike shoes
3020,gaming
3141,jacket
809,toys
2570,book
3235,nike shoes
4321,jacket
4276,kitchen
275,gaming
594,headphones
1316,jacket
4020,book
3587,book
2728,headphones
4029,headphones
2600,toys
4971,coffee machine
1601,toys
4412,toys
668,gaming
3826,coffee machine
644,iphone
4638,headphones
4,headphones
1961,laptop
1906,book
2087,kitchen
4390,jacket
4105,headphones
3815,headphones
3918,jacket
370,book
3021,nike shoes
838,iphone
497,book
4090,iphone
1437,gaming
2364,gaming
954,laptop
3189,laptop
2038,iphone
2829,laptop
3876,kitchen
2143,coffee machine
692,coffee machine
3134,iphone
1222,nike shoes
4123,laptop
4522,jacket
2597,book
3439,gaming
3825,laptop
2688,book
3802,nike shoes
1762,laptop
2015,kitchen
2318,iphone
495,gaming
2887,laptop
1376,kitchen
3856,coffee machine
783,kitchen
731,toys
4147,coffee machine
516,gaming
375,iphone
4869,coffee machine
2353,gaming
3088,kitchen
1621,headphones
1403,headphones
297,nike shoes
1781,coffee machine
898,gaming
4935,kitchen
3172,jacket
767,iphone
970,iphone
1195,laptop
1305,coffee machine
1285,kitchen
4574,headphones
165,jacket
456,kitchen
2401,nike shoes
1724,kitchen
1272,coffee machine
3889,coffee machine
41,nike shoes
1614,nike shoes
2780,jacket
923,coffee machine
4870,nike shoes
592,toys
3315,book
159,kitchen
3703,gaming
3753,nike shoes
4424,jacket
707,gaming
1070,kitchen
3717,headphones
843,jacket
3501,toys
4682,nike shoes
4242,book
4245,jacket
4704,nike shoes
2444,toys
3240,toys
4943,kitchen
3718,toys
3606,gaming
2640,nike shoes
4503,toys
4376,book
538,gaming
2853,headphones
98,gaming
1956,jacket
1440,gaming
3894,kitchen
4929,book
3554,jacket
413,jacket
2732,iphone
1171,headphones
4582,toys
591,kitchen
491,headphones
803,nike shoes
2793,gaming
95,jacket
2169,book
1056,coffee machine
4748,toys
224,coffee machine
3165,jacket
1162,iphone
2657,jacket
2568,nike shoes
952,nike shoes
4166,headphones
4164,headphones
1246,nike shoes
2314,toys
4487,headphones
4774,kitchen
310,nike shoes
4131,coffee machine
2583,jacket
4013,toys
2160,iphone
3383,kitchen
4311,book
3058,toys
3283,book
3735,kitchen
3077,book
2684,coffee machine
3989,headphones
3002,jacket
2368,gaming
2369,jacket
3441,kitchen
4483,coffee machine
2263,nike shoes
3213,jacket
2490,kitchen
4432,nike shoes
2290,book
767,gaming
4239,jacket
3125,nike shoes
3936,toys
3831,book
3286,coffee machine
1338,laptop
3376,kitchen
489,headphones
26,gaming
2024,iphone
1464,headphones
4805,jacket
542,gaming
2294,toys
950,book
958,toys
3569,gaming
1970,headphones
1443,coffee machine
269,jacket
655,iphone
4245,coffee machine
4502,headphones
729,iphone
2073,laptop
3455,book
3924,gaming
4688,coffee machine
718,kitchen
3912,nike shoes
113,book
3986,nike shoes
1936,iphone
2855,laptop
3809,headphones
2110,headphones
3672,jacket
4744,kitchen
2925,toys
4044,jacket
4095,iphone
3591,jacket
4303,iphone
13,kitchen
3552,toys
2737,jacket
2422,coffee machine
1863,headphones
379,kitchen
724,headphones
3104,headphones
3108,gaming
2097,kitchen
4949,laptop
4563,kitchen
3731,kitchen
4147,kitchen
3654,book
3928,toys
990,iphone
4711,headphones
2422,coffee machine
2957,kitchen
2055,coffee machine
359,jacket
2441,gaming
4884,headphones
4298,kitchen
4035,headphones
3524,jacket
1673,jacket
812,nike shoes
2604,jacket
3436,nike shoes
294,headphones
4091,toys
734,laptop
3873,headphones
2252,headphones
1722,gaming
114,laptop
1136,headphones
2431,kitchen
4459,gaming
2108,laptop
2050,iphone
4735,kitchen
1510,coffee machine
3357,jacket
4738,nike shoes
4933,book
2369,nike shoes
4682,kitchen
3651,gaming
2444,coffee machine
3128,book
1418,toys
2753,laptop
2170,coffee machine
1323,gaming
1276,gaming
4931,iphone
2303,gaming
1575,iphone
4577,nike shoes
1240,jacket
963,gaming
2676,nike shoes
4356,gaming
2106,kitchen
4163,gaming
3452,book
3085,kitchen
3171,headphones
1469,gaming
4370,iphone
1626,book
1568,iphone
2565,kitchen
2635,jacket
214,kitchen
4342,jacket
2797,headphones
507,nike shoes
3262,jacket
1428,gaming
4033,laptop
3105,coffee machine
2076,nike shoes
788,kitchen
2449,laptop
4290,headphones
4924,book
2699,laptop
3192,book
1855,jacket
1703,headphones
4707,laptop
1466,toys
2272,laptop
460,gaming
727,iphone
4078,coffee machine
1997,nike shoes
375,gaming
673,iphone
119,laptop
4586,nike shoes
4265,nike shoes
1329,coffee machine
3210,iphone
1251,nike shoes
2228,iphone
2091,nike shoes
2761,jacket
1916,toys
3989,nike shoes
2985,iphone
1008,laptop
854,kitchen
1128,kitchen
4689,headphones
2977,kitchen
3856,coffee machine
2418,headphones
2985,kitchen
845,headphones
4224,coffee machine
2246,headphones
3460,iphone
1367,gaming
1778,nike shoes
1936,nike shoes
1872,book
2072,coffee machine
4080,iphone
4742,kitchen
4002,laptop
856,headphones
1530,nike shoes
1248,book
4659,laptop
1878,toys
3480,gaming
4514,nike shoes
3023,laptop
4672,gaming
457,headphones
1012,toys
1837,laptop
367,kitchen
266,jacket
4124,iphone
3888,jacket
3039,toys
2144,headphones
1533,jacket
1096,kitchen
3808,coffee machine
2607,book
452,headphones
4846,iphone
3999,toys
4105,book
1170,nike shoes
1789,jacket
2668,toys
3178,laptop
2092,kitchen
1130,iphone
2093,iphone
364,jacket
643,headphones
2634,kitchen
2656,iphone
2196,iphone
3680,nike shoes
560,jacket
3299,jacket
3202,iphone
3061,coffee machine
1079,toys
3173,kitchen
2580,iphone
2949,headphones
3988,headphones
68,book
1762,headphones
910,nike shoes
953,gaming
2931,toys
2467,iphone
2242,coffee machine
721,jacket
4565,iphone
4144,gaming
1734,toys
4650,book
3588,laptop
2068,coffee machine
3442,nike shoes
625,coffee machine
4384,jacket
1926,book
2315,gaming
4406,jacket
2004,headphones
4882,iphone
3566,headphones
4942,kitchen
580,headphones
2366,book
1193,iphone
4621,coffee machine
4940,headphones
4693,nike shoes
432,book
2737,kitchen
1693,iphone
312,jacket
3227,laptop
4899,book
855,jacket
786,jacket
159,toys
2952,headphones
1956,headphones
4139,gaming
2452,gaming
3607,laptop
2771,kitchen
4822,nike shoes
1373,jacket
494,jacket
1344,gaming
3870,toys
4418,coffee machine
4329,iphone
1168,nike shoes
1901,jacket
2684,gaming
1601,gaming
1735,book
275,book
4067,toys
2273,kitchen
2126,laptop
864,coffee machine
2464,coffee machine
4982,coffee machine
3824,gaming
4852,nike shoes
2324,laptop
4367,toys
4565,gaming
1316,gaming
2193,book
3894,gaming
716,headphones
1275,gaming
2557,gaming
3726,headphones
2708,nike shoes
480,nike shoes
1742,coffee machine
522,nike shoes
1940,jacket
870,jacket
1996,iphone
2568,laptop
2714,coffee machine
4163,nike shoes
1052,nike shoes
4085,kitchen
4278,laptop
2083,kitchen
2880,toys
1079,book
4748,toys
424,gaming
1503,toys
2637,coffee machine
4985,headphones
3614,nike shoes
316,laptop
2019,laptop
3180,laptop
1615,nike shoes
3204,book
4026,toys
640,headphones
3890,toys
559,headphones
1915,book
1932,coffee machine
2639,toys
3234,coffee machine
2489,kitchen
1262,laptop
1240,toys
3785,kitchen
219,kitchen
1257,kitchen
1473,laptop
3312,coffee machine
3216,laptop
61,nike shoes
2053,nike shoes
1792,book
4859,nike shoes
3159,jacket
3831,nike shoes
704,laptop
3019,coffee machine
4422,headphones
1105,headphones
828,headphones
3875,headphones
2653,nike shoes
2700,nike shoes
515,jacket
450,iphone
3293,iphone
1749,toys
3524,kitchen
3261,jacket
1313,kitchen
3631,jacket
1937,coffee machine
4997,jacket
4646,book
1500,coffee machine
1893,nike shoes
11,coffee machine
3438,book
4513,gaming
296,iphone
711,kitchen
3585,gaming
1493,iphone
3841,iphone
2977,laptop
2744,iphone
525,gaming
1355,nike shoes
1948,coffee machine
2512,laptop
1620,nike shoes
2153,iphone
4539,kitchen
252,iphone
3946,laptop
1503,headphones
3611,book
1599,coffee machine
3010,jacket
3881,iphone
2964,nike shoes
3532,coffee machine
782,jacket
2804,gaming
3700,laptop
4359,gaming
1218,laptop
4227,headphones
1747,laptop
3453,iphone
2337,toys
2906,book
2127,coffee machine
4149,coffee machine
765,toys
4140,jacket
1408,gaming
2431,gaming
3271,toys
515,coffee machine
4515,nike shoes
618,laptop
1190,jacket
1807,iphone
1132,kitchen
1681,book
4547,toys
618,jacket
258,laptop
2944,gaming
790,toys
4913,jacket
2787,headphones
1966,book
1228,headphones
2656,jacket
2367,laptop
4470,headphones
3738,toys
4391,iphone
1375,iphone
2231,coffee machine
608,iphone
4023,toys
1856,kitchen
1432,gaming
1834,gaming
4335,jacket
15,toys
4023,kitchen
1194,jacket
936,jacket
685,kitchen
921,coffee machine
1331,iphone
3159,gaming
4330,headphones
4110,jacket
2644,coffee machine
3716,iphone
2775,toys
1623,toys
3886,headphones
4655,headphones
2751,laptop
1963,coffee machine
2060,nike shoes
1587,toys
566,toys
88,toys
4373,coffee machine
1222,nike shoes
2525,coffee machine
3850,nike shoes
779,laptop
738,jacket
1073,jacket
4403,iphone
1174,toys
2365,iphone
162,headphones
758,toys
4154,coffee machine
2428,book
2155,laptop
2454,headphones
4099,toys
465,nike shoes
559,laptop
3963,kitchen
3550,jacket
1387,headphones
4905,coffee machine
2621,iphone
4734,book
3255,headphones
1849,nike shoes
2437,jacket
4169,kitchen
4650,gaming
1994,iphone
882,book
276,headphones
54,toys
798,nike shoes
1028,nike shoes
629,book
4720,nike shoes
615,iphone
937,laptop
888,iphone
2571,book
3693,iphone
4943,nike shoes
2264,nike shoes
365,headphones
2272,laptop
3491,iphone
1020,book
3185,toys
345,iphone
409,headphones
3307,laptop
4156,iphone
2877,iphone
4013,kitchen
1144,nike shoes
3033,nike shoes
1505,gaming
129,laptop
1701,coffee machine
3918,toys
4256,iphone
3345,iphone
1321,nike shoes
3370,gaming
3731,headphones
1052,book
2843,kitchen
1490,book
4575,nike shoes
4637,jacket
3827,nike shoes
3266,book
4279,nike shoes
3698,book
1526,headphones
4868,laptop
4882,coffee machine
4795,headphones
3523,toys
491,gaming
2428,nike shoes
4554,book
3456,kitchen
2364,toys
4363,laptop
4161,toys
1984,jacket
1988,kitchen
621,laptop
323,book
345,iphone
2995,iphone
897,nike shoes
1373,book
143,jacket
4880,laptop
707,iphone
1667,headphones
845,coffee machine
1870,laptop
715,jacket
3081,gaming
4664,laptop
488,gaming
764,toys
2587,kitchen
1336,iphone
4078,gaming
3387,iphone
3991,gaming
4022,kitchen
947,book
2072,laptop
2335,book
2102,toys
3770,headphones
747,iphone
598,gaming
1294,book
1419,coffee machine
70,coffee machine
930,jacket
703,laptop
2179,headphones
3710,book
3816,nike shoes
2485,book
2455,toys
179,toys
4777,book
986,coffee machine
31,gaming
3991,jacket
2362,jacket
2769,gaming
4708,toys
1103,jacket
