{
  "project_summary": {
    "title": "מערכת המלצות E-Commerce מבוססת ML",
    "description": "פרויקט גמר לתואר - יישום אלגוריתמי ML למערכת המלצות",
    "database_size": {
      "users": 5000,
      "products": 5000,
      "interaction_users": 13,
      "interaction_products": 10
    }
  },
  "implemented_algorithms": {
    "product_categorization": {
      "algorithm": "K-means",
      "clusters": 5,
      "silhouette_score": 0.159,
      "status": "completed"
    },
    "user_categorization": {
      "algorithm": "DBSCAN -> K-means",
      "clusters": 4,
      "silhouette_score": 0.21,
      "status": "completed"
    },
    "recommendation_system": {
      "new_users": "TF-IDF + Cosine Similarity",
      "old_users": "Hybrid: Collaborative + Content-based",
      "status": "completed"
    },
    "nlp_search": {
      "methods": [
        "Cosine Similarity",
        "Pearson Correlation",
        "Adjusted Cosine Similarity"
      ],
      "hybrid_search": true,
      "status": "completed"
    }
  },
  "database_tables": {
    "original_tables": [
      "users_5000.csv",
      "products_5000.csv",
      "user_clicks_interactions.csv (מהתמונה)",
      "user_purchase_interactions.csv (מהתמונה)",
      "user_visits_time_interactions.csv (מהתמונה)",
      "product_interaction_metadata.csv (מהתמונה)"
    ],
    "ml_results": [
      "products_with_clusters.csv",
      "users_with_clusters.csv",
      "recommendation_evaluation.csv",
      "nlp_search_evaluation.json"
    ]
  },
  "performance_metrics": {
    "product_clustering": "Silhouette Score: 0.159",
    "user_clustering": "Silhouette Score: 0.210",
    "recommendations": "Precision@3: 0.00 (עקב גודל נתונים קטן)",
    "nlp_search": "פועל על 5 שאילתות בדיקה"
  }
}