user_id,interactions,recs_without_nn,recs_with_nn,neural_available
7,"{np.int64(81): np.int64(28), np.int64(474): np.int64(11), np.int64(41): np.int64(14), np.int64(251): np.int64(54), np.int64(466): np.int64(12), np.int64(353): np.int64(56), np.int64(108): np.int64(24), np.int64(12): np.int64(82), np.int64(180): np.int64(64), np.int64(138): np.int64(54), np.int64(360): np.int64(14)}","[115, 459, 350, 34, 49]",[],True
10,"{np.int64(179): np.int64(26), np.int64(434): np.int64(15), np.int64(436): np.int64(80), np.int64(381): np.int64(4), np.int64(504): np.int64(76), np.int64(45): np.int64(64), np.int64(400): np.int64(36), np.int64(232): np.int64(49), np.int64(235): np.int64(40)}","[36, 186, 350, 34, 104]",[],True
38,"{np.int64(428): np.int64(74), np.int64(304): np.int64(82), np.int64(452): np.int64(87), np.int64(12): np.int64(36), np.int64(467): np.int64(58), np.int64(190): np.int64(76), np.int64(448): np.int64(5), np.int64(145): np.int64(56)}","[70, 92, 32, 34, 212]",[],True
44,"{np.int64(279): np.int64(19), np.int64(179): np.int64(31), np.int64(215): np.int64(93), np.int64(142): np.int64(40), np.int64(436): np.int64(5), np.int64(270): np.int64(91), np.int64(287): np.int64(51), np.int64(413): np.int64(27), np.int64(295): np.int64(92), np.int64(269): np.int64(20), np.int64(114): np.int64(78)}","[209, 505, 326, 361, 324]",[],True
28,"{np.int64(26): np.int64(10), np.int64(276): np.int64(38), np.int64(352): np.int64(91), np.int64(347): np.int64(7), np.int64(314): np.int64(66), np.int64(414): np.int64(19), np.int64(329): np.int64(16), np.int64(12): np.int64(86), np.int64(82): np.int64(71), np.int64(449): np.int64(27), np.int64(320): np.int64(10), np.int64(382): np.int64(46), np.int64(42): np.int64(87)}","[115, 73, 138, 34, 297]",[],True
