id,product_name,category,price,quantity,last_restock_quantity,last_restock_date,views,created_at,updated_at,description,image_url,category_encoded,ml_cluster
266,Product 266,Books,0.004765617618011569,-1.463162721709039,178,15/10/2025 17:16,1.2203499300912841,12/08/2025 06:02,15/12/2024 19:45,News collection area enjoy sell positive current success admit.,https://example.com/product266.jpg,1,1
442,Product 442,Home & Kitchen,-0.1978538883947063,0.5373051537213737,50,24/09/2025 17:16,-0.021390129971759275,15/02/2025 15:08,04/12/2024 20:15,Quickly able quite cause kid attack ball senior.,https://example.com/product442.jpg,4,4
150,Product 150,Electronics,-1.3799861645119258,0.8108734101904899,40,09/05/2025 17:16,0.9363459430651789,09/09/2025 20:57,02/01/2025 06:55,Whose some certainly candidate.,https://example.com/product150.jpg,3,4
410,Product 410,Home & Kitchen,1.659118419388996,1.6144801635685189,41,07/05/2025 17:16,1.091822578298448,29/04/2025 07:49,27/04/2025 21:26,Understand week technology yeah pattern participant.,https://example.com/product410.jpg,4,0
17,Product 17,Automotive,-1.4316537112581464,1.52899008342192,10,19/08/2025 17:16,0.5390167641357132,26/01/2025 16:14,16/05/2025 03:51,Even mother station just own operation field year author.,https://example.com/product17.jpg,0,2
267,Product 267,Electronics,1.409582798318926,0.22954086519361783,36,02/05/2025 17:16,-0.9590869922452984,17/02/2025 03:34,31/05/2025 05:25,Effect part her particular answer raise.,https://example.com/product267.jpg,3,0
122,Product 122,Clothing,-0.33388498483968504,0.9476575384250481,29,09/07/2025 17:16,-1.0392438352988949,22/09/2025 08:26,11/01/2025 08:18,Either middle whether close free buy speech.,https://example.com/product122.jpg,2,2
114,Product 114,Books,1.734064563114493,-0.4714777920084926,71,11/10/2025 17:16,0.8375319037835901,29/11/2024 14:35,20/02/2025 02:25,Suddenly oil want black fine term.,https://example.com/product114.jpg,1,1
374,Product 374,Books,0.6247249041299743,-0.522771840096452,23,18/09/2025 17:16,-0.7248355284938395,14/07/2025 22:15,22/07/2025 22:37,Act theory heavy memory nor.,https://example.com/product374.jpg,1,2
451,Product 451,Books,1.6093822099839339,-0.591163904213731,25,11/09/2025 17:16,1.7102740828930079,12/08/2025 17:58,12/03/2025 03:09,Feel do authority set range way show.,https://example.com/product451.jpg,1,1
135,Product 135,Home & Kitchen,0.0890266184313982,1.2896178590114433,20,24/09/2025 17:16,0.43605668124790387,14/11/2024 08:59,10/05/2025 19:14,Knowledge everyone course just measure scene between red author.,https://example.com/product135.jpg,4,0
488,Product 488,Toys,1.0711372936319719,-0.5398698561257717,96,30/09/2025 17:16,-0.6778470342900069,22/12/2024 20:23,07/05/2025 12:33,Public degree issue health chance later word example production even.,https://example.com/product488.jpg,6,3
293,Product 293,Electronics,-0.60738286212484,0.26373689725225735,33,10/07/2025 17:16,1.5368312586994497,16/11/2024 19:24,10/09/2025 17:12,Type reveal but bag hold.,https://example.com/product293.jpg,3,4
19,Product 19,Electronics,0.031394144852749266,-1.3434766095038007,64,28/09/2025 17:16,1.2224229518943943,02/07/2025 16:39,24/12/2024 05:46,But billion star job her morning establish wide know.,https://example.com/product19.jpg,3,4
383,Product 383,Toys,0.4742002318858574,-1.0870063690640042,29,29/09/2025 17:16,-0.27637181175432074,07/02/2025 01:33,12/02/2025 12:26,Adult long rule appear law.,https://example.com/product383.jpg,6,3
191,Product 191,Electronics,1.4576098596344667,-0.07822342333413798,57,14/09/2025 17:16,-0.5182243554505173,25/01/2025 10:03,22/04/2025 09:11,Together claim charge guy decade trade.,https://example.com/product191.jpg,3,4
216,Product 216,Clothing,1.5845311967622984,-0.813438112594888,78,05/09/2025 17:16,1.6805607703817609,04/03/2025 20:19,19/06/2025 04:18,Else money himself wrong join ago particular attorney professor.,https://example.com/product216.jpg,2,1
457,Product 457,Toys,-1.4063070450905497,0.656991265926612,13,10/09/2025 17:16,0.9163067323017798,08/12/2024 22:47,25/11/2024 07:44,Science report wear no decide.,https://example.com/product457.jpg,6,3
172,Product 172,Home & Kitchen,0.01505468911692813,0.4518150735747748,37,02/08/2025 17:16,1.5762186729585446,14/04/2025 02:26,11/06/2025 12:31,Bad during truth marriage election set check people.,https://example.com/product172.jpg,4,4
14,Product 14,Books,0.5069816922428705,-0.9502222408294461,54,16/10/2025 17:16,0.4215455286261321,12/12/2024 01:46,16/09/2025 16:05,Issue still everybody fund than toward prepare night week often.,https://example.com/product14.jpg,1,1
407,Product 407,Electronics,0.39462229683775807,-1.548652801855638,133,19/10/2025 17:16,-1.480106472093676,27/01/2025 23:00,29/06/2025 06:41,Meet Republican fine fund finish such quality of late up.,https://example.com/product407.jpg,3,4
440,Product 440,Electronics,-0.9888988986677241,1.238323810923484,38,25/09/2025 17:16,-1.0516819661175565,04/07/2025 22:14,18/09/2025 05:45,Line town possible former.,https://example.com/product440.jpg,3,4
284,Product 284,Electronics,-1.5986203881234557,1.1015396826889259,12,11/05/2025 17:16,-0.18723187422057974,09/06/2025 18:12,08/11/2024 17:35,These building dinner none response day upon foreign job house.,https://example.com/product284.jpg,3,4
282,Product 282,Toys,-0.33383371039699944,-0.3859877118618938,64,24/09/2025 17:16,1.4373262121501575,29/06/2025 20:29,24/01/2025 21:01,General security as throughout care third specific thus.,https://example.com/product282.jpg,6,3
30,Product 30,Automotive,0.722146345232673,0.9818535704836876,20,21/08/2025 17:16,0.1783109703945287,06/10/2024 03:04,17/05/2025 01:58,Party per south responsibility across also.,https://example.com/product30.jpg,0,2
195,Product 195,Toys,-0.20699783067364383,1.5802841315098795,46,25/05/2025 17:16,-0.9183175634507966,30/04/2025 21:48,30/10/2024 16:48,At then necessary former north.,https://example.com/product195.jpg,6,0
481,Product 481,Automotive,1.6851658362732966,-0.5056738240671321,34,09/09/2025 17:16,-0.36205671294954467,14/02/2025 21:43,02/07/2025 03:42,Card film month themselves forget a memory.,https://example.com/product481.jpg,0,2
347,Product 347,Sports,0.8447264462131212,0.5544031697506934,34,27/05/2025 17:16,0.604662454567538,28/10/2024 15:40,05/04/2025 13:20,Possible choose just strong why high.,https://example.com/product347.jpg,5,0
226,Product 226,Sports,0.3159502102771051,-0.6253599362723705,31,29/08/2025 17:16,1.1139348108649576,14/08/2025 20:23,02/07/2025 07:09,Another simple beautiful question find.,https://example.com/product226.jpg,5,3
422,Product 422,Home & Kitchen,-1.0260728696148065,-1.2921825614158413,33,13/10/2025 17:16,-1.0655021114716248,16/03/2025 14:26,05/02/2025 08:53,Believe accept grow various local push store realize.,https://example.com/product422.jpg,4,3
327,Product 327,Toys,-0.7754946682101284,-0.11241945539277752,27,13/09/2025 17:16,-0.17893978700813873,03/02/2025 06:57,25/04/2025 05:42,Response account coach feeling anything democratic another bad.,https://example.com/product327.jpg,6,3
475,Product 475,Home & Kitchen,-1.132672435958233,1.6657742116564782,14,05/06/2025 17:16,-1.717812972183652,15/10/2024 01:54,27/03/2025 10:00,True use six behind learn yes next.,https://example.com/product475.jpg,4,0
240,Product 240,Toys,-1.0947635313326567,-1.2237904972985623,47,23/10/2025 17:16,-0.3668937638234686,24/03/2025 10:57,23/09/2025 04:28,That ok environment may memory company former keep fine.,https://example.com/product240.jpg,6,3
234,Product 234,Books,0.04672520321575274,-0.35179167980325426,77,24/09/2025 17:16,1.4297251322054199,31/10/2024 07:03,22/08/2025 09:37,Century travel and still what.,https://example.com/product234.jpg,1,1
272,Product 272,Electronics,0.9334654150210527,-1.2237904972985623,86,09/10/2025 17:16,1.45805643018126,08/08/2025 02:35,21/04/2025 13:32,Food newspaper drug fund east whatever end try lose sport.,https://example.com/product272.jpg,3,4
220,Product 220,Automotive,1.0010280389998194,1.5631861154805595,45,24/08/2025 17:16,-0.39591606906701216,05/06/2025 16:06,15/04/2025 20:40,Democratic rate line pressure attorney two particular statement.,https://example.com/product220.jpg,0,2
85,Product 85,Automotive,0.6214433397980939,1.255421826952804,48,18/08/2025 17:16,1.5119549970621267,20/05/2025 14:28,03/07/2025 19:09,Here how trouble east present them try whole author.,https://example.com/product85.jpg,0,1
364,Product 364,Electronics,0.5607002166965165,0.6911872979852515,26,01/06/2025 17:16,1.084912505621414,04/11/2024 05:17,03/01/2025 04:04,Nor south rule main artist father together individual point eight.,https://example.com/product364.jpg,3,4
380,Product 380,Books,0.5894993620049457,0.7253833300438911,27,20/09/2025 17:16,0.42845560130316623,27/12/2024 15:08,23/06/2025 17:36,Computer local popular exactly laugh.,https://example.com/product380.jpg,1,2
491,Product 491,Electronics,-0.018632619727531406,0.41761904151613527,40,30/04/2025 17:16,-1.0233506681417164,19/11/2024 03:31,30/06/2025 12:25,Traditional picture serious if board could cell little.,https://example.com/product491.jpg,3,4
341,Product 341,Books,-0.46807020134798094,-0.40308572789121355,71,20/09/2025 17:16,0.15412571602490907,15/10/2024 13:20,02/03/2025 07:59,Behavior year listen community word send so box her development.,https://example.com/product341.jpg,1,1
270,Product 270,Clothing,0.12303866541286683,-0.7621440645069286,98,03/09/2025 17:16,0.49893834260891495,04/08/2025 23:58,13/05/2025 09:21,Leg town have third offer international mouth.,https://example.com/product270.jpg,2,1
108,Product 108,Toys,-0.5837453440467643,-1.2066924812692426,45,06/10/2025 17:16,0.7753412496902824,07/10/2024 01:01,29/01/2025 03:43,Teach deal sure evening from.,https://example.com/product108.jpg,6,3
351,Product 351,Automotive,-0.24858140369169054,-0.522771840096452,72,07/09/2025 17:16,1.6073140000051984,06/02/2025 06:34,12/12/2024 19:48,Near sometimes operation mission since onto laugh place concern.,https://example.com/product351.jpg,0,1
411,Product 411,Electronics,-0.18556511363105022,-0.11241945539277752,68,05/09/2025 17:16,-1.128383772832636,06/10/2024 09:22,20/11/2024 19:42,Remember political dinner couple always sometimes.,https://example.com/product411.jpg,3,4
358,Product 358,Books,-0.8573115872555,-0.5056738240671321,29,25/09/2025 17:16,0.8527340636730653,15/12/2024 09:01,29/11/2024 23:22,Community people car north red.,https://example.com/product358.jpg,1,1
379,Product 379,Sports,-1.5300664582527674,1.0331476185716468,49,27/07/2025 17:16,1.0628002730549047,29/08/2025 09:08,28/10/2024 14:37,Majority relationship offer state huge decide.,https://example.com/product379.jpg,5,3
175,Product 175,Toys,-1.1066250190739324,1.460598019304641,32,16/07/2025 17:16,1.1678333777458243,17/03/2025 23:19,11/11/2024 16:26,Government letter easy mean international job.,https://example.com/product175.jpg,6,3
310,Product 310,Sports,-1.4566927307696296,1.460598019304641,27,18/06/2025 17:16,-1.0468449152436325,05/09/2025 11:18,02/02/2025 05:28,Evidence pull near ask church success off rather meet girl.,https://example.com/product310.jpg,5,0
41,Product 41,Home & Kitchen,1.1026710758836344,-0.48857580803781236,94,13/09/2025 17:16,0.4201635140907252,22/01/2025 17:18,09/02/2025 07:11,Eight seat population tend between bag plant because.,https://example.com/product41.jpg,4,4
340,Product 340,Automotive,0.8238748395209645,-1.3092805774451612,100,29/09/2025 17:16,-0.15337251810311223,27/10/2024 21:04,07/02/2025 18:11,Hour Democrat executive difficult bit radio.,https://example.com/product340.jpg,0,1
242,Product 242,Toys,1.5994178766220264,1.3580099231287224,11,30/04/2025 17:16,0.8672452162948371,16/04/2025 01:50,25/01/2025 19:39,Traditional tree knowledge same account artist.,https://example.com/product242.jpg,6,0
464,Product 464,Books,0.7663449148276866,-1.2408885133278822,48,27/09/2025 17:16,0.5721851129854774,23/09/2025 20:19,08/09/2025 10:24,Join interview manager on security ok soldier.,https://example.com/product464.jpg,1,1
334,Product 334,Home & Kitchen,-1.5959370256229077,0.19534483313497827,32,11/06/2025 17:16,-1.67497052158604,10/11/2024 20:40,19/07/2025 14:57,Else lead present my guy building start left discuss trade.,https://example.com/product334.jpg,4,0
289,Product 289,Home & Kitchen,-1.6047220468030459,-0.24920358362733566,65,05/09/2025 17:16,-0.11951316198564473,22/02/2025 00:39,03/05/2025 07:06,Box live meeting knowledge huge add.,https://example.com/product289.jpg,4,4
423,Product 423,Clothing,1.657734009436484,-1.6512408980315565,191,25/10/2025 17:16,1.4490733357011156,28/09/2025 21:37,09/06/2025 07:21,Impact accept hard defense again up.,https://example.com/product423.jpg,2,1
205,Product 205,Clothing,0.49901706214570274,-0.3346936637739345,94,22/09/2025 17:16,-1.3121917060417452,30/06/2025 14:03,16/11/2024 23:18,Explain gas project care significant debate pick.,https://example.com/product205.jpg,2,2
495,Product 495,Toys,-0.7467126143825942,0.22954086519361783,17,27/07/2025 17:16,-1.4835615084321931,22/03/2025 04:50,06/11/2024 01:41,Full huge continue study focus.,https://example.com/product495.jpg,6,3
330,Product 330,Sports,0.7800180995438548,-1.6512408980315565,175,07/10/2025 17:16,0.715223617400085,08/03/2025 12:54,14/04/2025 18:00,Human worker can someone approach civil popular blue occur.,https://example.com/product330.jpg,5,3
6,Product 6,Clothing,0.5335931279967132,1.169931746806205,44,15/08/2025 17:16,1.3433492237424924,20/10/2024 07:36,18/07/2025 06:35,Card skill foot though require.,https://example.com/product6.jpg,2,4
33,Product 33,Automotive,1.0268703581133771,0.22954086519361783,30,15/07/2025 17:16,-0.8119024442244702,26/01/2025 14:22,13/07/2025 01:29,Ready occur television score reduce president system movement little.,https://example.com/product33.jpg,0,2
276,Product 276,Electronics,-1.4080503761418612,-1.4460647056797193,160,03/10/2025 17:16,0.2598498279835321,10/03/2025 19:13,15/11/2024 20:43,Rate subject always music color rule participant.,https://example.com/product276.jpg,3,4
462,Product 462,Home & Kitchen,-1.2699512105085622,-0.009831359216858914,68,08/09/2025 17:16,1.017193793386479,16/11/2024 13:52,09/10/2024 21:59,Price pick of still place sense six skin remain majority.,https://example.com/product462.jpg,4,4
187,Product 187,Home & Kitchen,0.7509283990602069,1.5118920673926004,42,18/05/2025 17:16,-1.288697458939829,11/12/2024 19:05,19/06/2025 07:11,Born grow responsibility democratic scene treatment available long.,https://example.com/product187.jpg,4,0
465,Product 465,Home & Kitchen,0.6326211683035613,-0.2150075515686961,100,07/10/2025 17:16,1.6142240726822326,06/08/2025 05:36,23/04/2025 16:04,Pattern idea some mother call kind reveal.,https://example.com/product465.jpg,4,4
53,Product 53,Home & Kitchen,-0.25774243745152325,-1.0357123209760448,90,02/10/2025 17:16,-1.6300550491853179,30/07/2025 04:29,19/01/2025 18:08,Also garden move current indeed bad before account personal nearly.,https://example.com/product53.jpg,4,0
183,Product 183,Clothing,-1.4072641680206814,-1.6512408980315565,130,28/09/2025 17:16,-0.6419146563694292,11/08/2025 19:30,14/05/2025 21:40,Guy step serious school author.,https://example.com/product183.jpg,2,4
117,Product 117,Toys,0.5656738376370228,-0.6253599362723705,90,07/10/2025 17:16,0.15412571602490907,02/10/2024 19:11,03/06/2025 17:10,Company very fall likely one push chance step customer method.,https://example.com/product117.jpg,6,3
421,Product 421,Electronics,1.5864283511416668,0.41761904151613527,30,25/07/2025 17:16,-1.6625323907673786,04/12/2024 01:48,10/06/2025 19:16,Ability spend natural society wait at.,https://example.com/product421.jpg,3,0
502,Product 502,Sports,-1.233289983988336,-1.0015162889174054,43,14/10/2025 17:16,-0.08772682767128746,01/11/2024 16:32,02/03/2025 02:22,Summer approach family business.,https://example.com/product502.jpg,5,3
474,Product 474,Sports,0.2858862953824304,1.0844416666596062,44,03/06/2025 17:16,1.1712884140843414,31/10/2024 10:08,04/08/2025 17:01,Hard between sea together national.,https://example.com/product474.jpg,5,3
260,Product 260,Automotive,0.7390327283571405,-0.12951747142209727,27,28/09/2025 17:16,0.29854623497492355,01/10/2024 12:32,27/05/2025 16:17,Table without myself speech.,https://example.com/product260.jpg,0,1
367,Product 367,Home & Kitchen,-1.3966332669038606,-1.5828488339142774,200,14/10/2025 17:16,0.17554694132371504,29/07/2025 11:25,30/03/2025 11:50,Bank usually stand store music.,https://example.com/product367.jpg,4,4
103,Product 103,Sports,-0.6088014550391425,0.6056972178386527,27,11/09/2025 17:16,-0.5382635662139164,04/01/2025 00:55,08/10/2024 01:55,Throughout whose prepare rise tax consider much station open.,https://example.com/product103.jpg,5,0
127,Product 127,Clothing,0.6411327257893761,-0.6082619202430507,45,13/09/2025 17:16,1.5119549970621267,13/11/2024 17:57,08/02/2025 23:42,Already attorney politics truth none address.,https://example.com/product127.jpg,2,1
194,Product 194,Automotive,1.0770680375026098,0.16114880107633875,20,10/05/2025 17:16,-1.6825716015307777,16/06/2025 03:05,10/02/2025 13:49,Paper check must most design good common administration alone image.,https://example.com/product194.jpg,0,2
50,Product 50,Home & Kitchen,-1.4737671201839448,-1.4289666896503996,184,26/10/2025 17:16,-1.4034046653785965,19/08/2025 01:21,15/07/2025 20:50,History federal loss both.,https://example.com/product50.jpg,4,3
151,Product 151,Toys,-1.2148824590641945,-1.1724964492106031,96,02/10/2025 17:16,-0.18999590329139343,03/11/2024 02:07,30/08/2025 03:55,Finish director most building city sit race.,https://example.com/product151.jpg,6,3
203,Product 203,Automotive,-0.7673933062657987,0.41761904151613527,46,02/09/2025 17:16,0.8513520491376585,28/05/2025 02:46,12/01/2025 16:46,Deep relate water cold forget music exist sound hope.,https://example.com/product203.jpg,0,1
185,Product 185,Clothing,0.47825091285802207,-0.48857580803781236,40,06/10/2025 17:16,-0.5831790386146386,30/06/2025 08:35,04/05/2025 17:08,Lead hotel local yeah miss really fine build.,https://example.com/product185.jpg,2,2
34,Product 34,Electronics,0.28116904665535236,-0.9502222408294461,31,03/10/2025 17:16,1.6653586104922855,12/01/2025 14:47,12/07/2025 05:44,Safe sea page position able poor.,https://example.com/product34.jpg,3,4
31,Product 31,Electronics,-1.0345160611770403,-1.2408885133278822,27,28/09/2025 17:16,0.19420413755170735,08/07/2025 13:42,13/01/2025 05:00,Contain ago image across thank.,https://example.com/product31.jpg,3,4
285,Product 285,Books,0.12045785179769009,-1.0186143049467251,72,07/10/2025 17:16,0.4270735867677594,04/03/2025 11:59,03/01/2025 02:23,Already interest lawyer white serious.,https://example.com/product285.jpg,1,1
199,Product 199,Books,0.23850871034090743,-1.6341428820022368,200,03/10/2025 17:16,1.4476913211657088,27/03/2025 15:42,22/12/2024 01:15,Glass film former here fear.,https://example.com/product199.jpg,1,1
484,Product 484,Sports,0.23039025691568255,0.007266656812460852,55,10/09/2025 17:16,0.8527340636730653,27/11/2024 02:58,14/04/2025 03:54,Real pull generation word level once vote end.,https://example.com/product484.jpg,5,3
163,Product 163,Books,-1.4961056857139845,-0.11241945539277752,43,01/10/2025 17:16,1.1118617890618472,19/11/2024 06:32,28/02/2025 00:13,Decade black sense American thus.,https://example.com/product163.jpg,1,1
141,Product 141,Clothing,-1.5471750306288727,0.2979329293108969,22,21/08/2025 17:16,-0.16581064892177377,16/04/2025 06:31,10/09/2025 13:31,Raise network music kitchen thousand.,https://example.com/product141.jpg,2,4
271,Product 271,Sports,0.055595681800366975,-0.009831359216858914,23,29/08/2025 17:16,0.42361855042924235,01/08/2025 14:47,10/09/2025 23:52,Direction task southern far story glass sort write common.,https://example.com/product271.jpg,5,3
145,Product 145,Sports,-0.9195929436376464,1.1357357147475655,19,03/09/2025 17:16,0.13892355613543386,02/08/2025 15:44,03/02/2025 07:04,Culture father five research current possible.,https://example.com/product145.jpg,5,3
88,Product 88,Sports,1.293053081575382,-0.04402739127549845,99,03/10/2025 17:16,1.462893481055184,12/05/2025 21:23,26/07/2025 21:57,According four explain cut realize.,https://example.com/product88.jpg,5,3
376,Product 376,Sports,1.2326688795726042,-1.6512408980315565,147,01/10/2025 17:16,0.3033832858488475,05/11/2024 07:54,17/09/2025 14:55,Process young find could why meet save run.,https://example.com/product376.jpg,5,3
180,Product 180,Home & Kitchen,1.0225974878895745,1.5118920673926004,49,20/09/2025 17:16,1.372371528986036,01/07/2025 00:15,14/08/2025 22:38,Shake then hair interest many have lead remain change.,https://example.com/product180.jpg,4,4
116,Product 116,Clothing,0.21994736208870924,-0.8476341446535275,65,10/10/2025 17:16,-0.2971020297854233,07/04/2025 16:34,09/07/2025 03:03,Certainly assume vote staff spend.,https://example.com/product116.jpg,2,4
200,Product 200,Sports,0.39610925567564154,-0.522771840096452,61,07/10/2025 17:16,-0.2756808044866173,29/11/2024 18:25,17/06/2025 17:03,Arrive fill a imagine shake politics her hand could phone.,https://example.com/product200.jpg,5,3
324,Product 324,Home & Kitchen,0.5332512983788089,-0.009831359216858914,91,13/09/2025 17:16,0.2895631404947791,05/06/2025 13:05,29/06/2025 07:10,Occur soldier TV home threat center opportunity get itself.,https://example.com/product324.jpg,4,4
409,Product 409,Toys,0.4898902113476602,0.7253833300438911,10,01/05/2025 17:16,-1.033024769889564,10/02/2025 22:58,23/12/2024 22:02,Gas hair interview list cause study heart.,https://example.com/product409.jpg,6,0
207,Product 207,Books,0.4240538269393102,-0.8476341446535275,69,20/10/2025 17:16,0.4823541681840329,11/08/2025 13:10,08/03/2025 23:23,Scene buy anyone let commercial.,https://example.com/product207.jpg,1,1
345,Product 345,Clothing,-0.40772018230699353,0.9305595223957283,42,24/07/2025 17:16,-1.260366160963989,10/06/2025 10:13,15/03/2025 00:48,Executive hold institution my professor poor else these join amount.,https://example.com/product345.jpg,2,2
91,Product 91,Clothing,-0.5777291427716501,-0.5398698561257717,56,31/08/2025 17:16,0.740099879037408,02/11/2024 15:27,14/06/2025 01:54,Not up husband next north.,https://example.com/product91.jpg,2,4
89,Product 89,Sports,0.2140337096989664,-1.5999468499435971,53,13/10/2025 17:16,0.41394444868139446,29/07/2025 17:00,05/03/2025 20:29,Instead forward section home red collection it money especially.,https://example.com/product89.jpg,5,3
75,Product 75,Sports,-0.5440931083698763,0.3663249934281759,17,30/06/2025 17:16,1.4850057136216934,20/05/2025 20:59,17/12/2024 00:55,Suggest than carry small once clearly Democrat successful.,https://example.com/product75.jpg,5,3
254,Product 254,Sports,-0.14931408265230914,0.7595793621025306,38,30/05/2025 17:16,-0.5417186025524335,16/09/2025 21:21,03/07/2025 08:52,Test result leg from learn officer enjoy for finally ball last.,https://example.com/product254.jpg,5,0
458,Product 458,Electronics,1.28149924049022,1.169931746806205,37,20/07/2025 17:16,-0.05870452242774388,16/05/2025 06:41,09/05/2025 03:14,Response effect politics let authority act line true million describe my.,https://example.com/product458.jpg,3,4
98,Product 98,Toys,-0.8927764101130614,-1.2750845453865216,63,28/09/2025 17:16,-0.9127895053091694,22/06/2025 00:56,03/12/2024 22:49,Any dog career because.,https://example.com/product98.jpg,6,3
487,Product 487,Books,-0.4314773407513358,-0.5398698561257717,20,11/10/2025 17:16,0.22806349366917486,08/05/2025 00:38,26/09/2025 14:50,Front record time seek others often.,https://example.com/product487.jpg,1,1
24,Product 24,Home & Kitchen,0.09329948865520077,-1.1212024011226438,22,16/10/2025 17:16,-1.4351909996929537,13/11/2024 23:27,28/06/2025 23:47,Where that class price provide maybe address.,https://example.com/product24.jpg,4,0
38,Product 38,Automotive,-0.0530377707695897,1.1528337307768852,37,17/06/2025 17:16,1.3841186525369942,30/06/2025 22:26,22/10/2024 06:08,Offer peace yeah break leader.,https://example.com/product38.jpg,0,1
494,Product 494,Electronics,1.0894764526325325,0.38342300945749574,22,14/08/2025 17:16,1.2479902207994207,13/09/2025 23:12,16/11/2024 19:47,Government produce agreement within detail former attack result inside.,https://example.com/product494.jpg,3,4
16,Product 16,Electronics,-1.437310991434461,-0.3004976317152949,27,09/09/2025 17:16,0.6530329633067773,18/09/2025 12:58,11/05/2025 18:51,Author none military subject lawyer and.,https://example.com/product16.jpg,3,4
366,Product 366,Clothing,1.6912504034719913,-1.6512408980315565,55,01/10/2025 17:16,0.5984433891582073,07/12/2024 16:56,27/10/2024 07:38,Property over local style natural explain possible.,https://example.com/product366.jpg,2,1
499,Product 499,Sports,-0.41761614974532024,-0.7279480324482891,48,23/09/2025 17:16,-0.8975873454196941,03/02/2025 16:01,26/03/2025 01:15,Always trouble significant home bring lead.,https://example.com/product499.jpg,5,3
432,Product 432,Electronics,0.0755756229668677,-1.3605746255331206,177,28/09/2025 17:16,-0.13678834367823017,20/02/2025 19:25,11/04/2025 16:07,Data run indicate season direction again wear.,https://example.com/product432.jpg,3,4
403,Product 403,Books,0.9271073841280348,-0.9502222408294461,96,12/10/2025 17:16,1.0482891204331328,20/01/2025 20:59,26/08/2025 10:14,Over claim personal for five mean expert.,https://example.com/product403.jpg,1,1
384,Product 384,Clothing,1.0304253861395807,-0.8476341446535275,49,08/10/2025 17:16,-0.5493196824971711,18/02/2025 09:38,17/09/2025 01:51,Central sure effect opportunity time organization lawyer manager.,https://example.com/product384.jpg,2,2
253,Product 253,Books,0.0226091236726112,1.0331476185716468,13,27/05/2025 17:16,0.33862465650172185,06/04/2025 17:28,08/08/2025 08:15,Wind already produce top.,https://example.com/product253.jpg,1,2
438,Product 438,Clothing,-1.2115667117705236,0.07565872092973992,39,14/05/2025 17:16,-0.35030958939858653,24/12/2024 17:16,19/09/2025 21:50,Walk under itself true democratic increase source officer minute.,https://example.com/product438.jpg,2,4
32,Product 32,Clothing,-0.5080813581236682,1.5460880994512398,31,07/08/2025 17:16,-1.3025176042938975,29/04/2025 05:18,08/10/2024 10:32,Focus camera own head rate.,https://example.com/product32.jpg,2,2
350,Product 350,Books,1.0221360179054038,-0.7963400965655681,71,05/09/2025 17:16,-1.4490111450470222,14/09/2025 18:25,23/08/2025 15:19,Real rest song yard around summer item.,https://example.com/product350.jpg,1,2
120,Product 120,Books,-0.6952159824453257,-0.3346936637739345,36,07/09/2025 17:16,0.21631637011821675,29/01/2025 07:15,05/06/2025 23:00,Tonight Democrat street center read pattern specific standard newspaper data.,https://example.com/product120.jpg,1,1
156,Product 156,Sports,1.6699886012383498,0.7082853140145713,31,07/08/2025 17:16,-0.4954211156163045,21/07/2025 11:17,07/08/2025 23:45,Newspaper your character minute deep cup.,https://example.com/product156.jpg,5,0
389,Product 389,Books,1.4693687984903716,-0.9844182728880856,68,16/10/2025 17:16,-0.9666880721900359,13/07/2025 10:34,02/05/2025 03:39,Guess deep nor ready happy full.,https://example.com/product389.jpg,1,2
332,Product 332,Toys,0.27294804434475634,1.0673436506302865,47,10/09/2025 17:16,-1.6148528892958427,14/04/2025 18:46,12/11/2024 23:44,It industry base forward large put environment give option.,https://example.com/product332.jpg,6,0
401,Product 401,Clothing,-1.5399282427293037,-0.07822342333413798,65,20/09/2025 17:16,1.4725675828030318,06/02/2025 18:55,27/10/2024 18:49,Concern civil system spring religious on body.,https://example.com/product401.jpg,2,4
360,Product 360,Toys,0.5465655619961777,-0.3004976317152949,85,06/09/2025 17:16,-0.5817970240792318,27/12/2024 19:35,29/06/2025 04:38,Base this effort event voice.,https://example.com/product360.jpg,6,3
259,Product 259,Electronics,-1.577358585889814,0.7424813460732108,35,15/09/2025 17:16,-0.8264135968462419,03/04/2025 13:07,20/01/2025 05:58,Media peace election Republican safe.,https://example.com/product259.jpg,3,4
113,Product 113,Home & Kitchen,0.9769461424184678,1.2725198429821236,36,25/08/2025 17:16,-0.9964013847012829,16/10/2024 16:28,30/06/2025 01:19,Away become money appear time event live test follow.,https://example.com/product113.jpg,4,0
338,Product 338,Books,0.28665541202271494,-1.6341428820022368,198,07/10/2025 17:16,-1.717812972183652,01/08/2025 17:14,24/04/2025 16:23,Study past letter occur true notice live.,https://example.com/product338.jpg,1,2
105,Product 105,Electronics,-1.582708219410015,-1.39477065759176,115,12/10/2025 17:16,0.33931566376942524,20/05/2025 13:05,09/09/2025 03:53,Performance green born beyond until mean.,https://example.com/product105.jpg,3,4
274,Product 274,Electronics,0.09446170935607519,0.09275673695905969,43,25/06/2025 17:16,1.5375222659671532,06/08/2025 02:32,17/08/2025 20:13,Best likely animal fund actually and almost political.,https://example.com/product274.jpg,3,4
223,Product 223,Sports,0.8577159716934808,0.22954086519361783,11,27/06/2025 17:16,-0.2224732448734541,08/08/2025 23:42,07/11/2024 03:54,Moment analysis serious drop same impact church all as.,https://example.com/product223.jpg,5,0
77,Product 77,Home & Kitchen,1.6407792603884355,1.5802841315098795,50,06/09/2025 17:16,-1.5899766276585197,01/07/2025 09:35,02/06/2025 02:54,Plant allow discover improve crime.,https://example.com/product77.jpg,4,0
71,Product 71,Automotive,-1.1493879042737487,-1.6341428820022368,158,23/10/2025 17:16,1.0296319242051404,07/12/2024 05:52,01/04/2025 05:37,Artist ever woman policy white notice where with.,https://example.com/product71.jpg,0,1
161,Product 161,Books,0.3941608268535874,0.05856070490042015,42,06/08/2025 17:16,0.18798507214237659,21/05/2025 03:16,04/11/2024 16:52,Near wear manage southern as cause arm practice product send.,https://example.com/product161.jpg,1,2
467,Product 467,Toys,0.6135983500671924,-1.1895944652399228,54,19/10/2025 17:16,-1.6742795143183367,14/02/2025 07:10,01/10/2025 06:56,Kind although firm ahead arrive.,https://example.com/product467.jpg,6,3
147,Product 147,Books,-0.523737154623681,-1.3776726415624403,76,19/10/2025 17:16,1.0275589024020302,14/08/2025 22:56,02/01/2025 16:17,Four instead behind security about in better parent.,https://example.com/product147.jpg,1,1
15,Product 15,Home & Kitchen,1.741294259533167,-0.45437977597917284,93,06/09/2025 17:16,1.4988258589757617,16/06/2025 22:56,06/06/2025 18:11,Be among standard heart guy issue consumer teacher.,https://example.com/product15.jpg,4,4
281,Product 281,Toys,-0.18804337836085558,-0.9844182728880856,53,13/10/2025 17:16,0.6454318833620397,09/05/2025 11:44,04/12/2024 21:48,Positive suggest international sea have ok thousand car mouth.,https://example.com/product281.jpg,6,3
390,Product 390,Books,1.2549048962172729,-0.16371350348073682,79,01/10/2025 17:16,-1.0793222568256933,23/07/2025 05:56,16/01/2025 13:16,Vote force above situation feel player everybody food event into.,https://example.com/product390.jpg,1,2
153,Product 153,Sports,0.7191211531142208,-0.8305361286242077,80,06/10/2025 17:16,1.5340672296286362,19/02/2025 23:46,19/12/2024 14:29,Attack deal develop guy enter eye capital key.,https://example.com/product153.jpg,5,3
418,Product 418,Clothing,0.10317836461263227,-1.531554785826318,129,03/10/2025 17:16,-1.300444582490787,20/09/2025 20:56,19/05/2025 05:38,Field evidence society check decide.,https://example.com/product418.jpg,2,2
298,Product 298,Home & Kitchen,1.6863451484550658,0.656991265926612,35,24/09/2025 17:16,-0.5873250822208591,15/09/2025 22:42,20/07/2025 05:02,Avoid once century yeah wife action shake can.,https://example.com/product298.jpg,4,0
58,Product 58,Home & Kitchen,-1.3263872804245465,-0.5398698561257717,49,21/09/2025 17:16,0.7580660679976969,04/06/2025 08:34,24/09/2025 11:23,True participant will throw position increase Mrs.,https://example.com/product58.jpg,4,4
500,Product 500,Automotive,0.3944855649905965,-0.5740658881844112,75,06/10/2025 17:16,1.0475981131654293,02/10/2024 15:45,20/08/2025 02:19,End professional election so several.,https://example.com/product500.jpg,0,1
412,Product 412,Books,-0.06570255811294047,0.3321289613695364,47,25/06/2025 17:16,-0.02899120991649688,21/09/2025 10:15,15/06/2025 22:38,Goal reduce final top stuff describe position city study.,https://example.com/product412.jpg,1,2
303,Product 303,Home & Kitchen,1.51233678146093,1.7341662757737573,38,14/09/2025 17:16,-1.1491139908637384,14/08/2025 21:18,15/08/2025 06:55,Church worker common model idea seat.,https://example.com/product303.jpg,4,0
370,Product 370,Sports,1.6287297663573124,0.9476575384250481,46,14/08/2025 17:16,-0.257023608258625,13/04/2025 11:30,09/08/2025 01:00,Bag our kitchen article kind player play.,https://example.com/product370.jpg,5,0
70,Product 70,Toys,1.1842999886391592,-0.4714777920084926,20,28/08/2025 17:16,-1.308736669703228,04/01/2025 06:04,20/10/2024 23:22,Where speech little pass.,https://example.com/product70.jpg,6,0
154,Product 154,Books,-0.9210799024755295,-0.6766539843603299,67,06/10/2025 17:16,1.603167956398978,09/10/2024 04:56,01/10/2024 20:16,Body air against few strong fine.,https://example.com/product154.jpg,1,1
72,Product 72,Sports,-0.12415542277455954,-1.2066924812692426,93,09/10/2025 17:16,1.1830355376352995,14/04/2025 17:23,25/01/2025 07:17,Sit drive home vote magazine cup on door.,https://example.com/product72.jpg,5,3
447,Product 447,Sports,1.5461095477098654,1.1357357147475655,39,09/05/2025 17:16,-1.26865824817643,15/04/2025 06:47,13/10/2024 21:53,And fine away box control wife pretty those.,https://example.com/product447.jpg,5,0
123,Product 123,Automotive,1.4080445650383568,0.2979329293108969,31,31/05/2025 17:16,0.5784041783948081,17/10/2024 00:00,25/06/2025 11:36,Behind ahead drive talk director.,https://example.com/product123.jpg,0,1
296,Product 296,Automotive,1.2281738200971637,1.5118920673926004,22,06/05/2025 17:16,0.04287354592465866,22/04/2025 17:00,04/07/2025 06:50,Stuff cold war time believe certain from make.,https://example.com/product296.jpg,0,2
443,Product 443,Books,-0.9243785582883052,1.460598019304641,20,05/06/2025 17:16,-1.3080456624355248,02/04/2025 00:33,05/10/2024 19:09,Wait measure education price maybe who lawyer.,https://example.com/product443.jpg,1,2
8,Product 8,Automotive,0.403697873193115,-0.8647321606828473,41,24/10/2025 17:16,-1.3177197641833727,02/04/2025 08:55,05/05/2025 10:44,More heart exist organization skin against other.,https://example.com/product8.jpg,0,2
78,Product 78,Automotive,0.4925052079246273,-0.11241945539277752,58,23/09/2025 17:16,-0.8740930983177778,17/02/2025 05:20,30/09/2025 15:31,Type former project each employee new common agency.,https://example.com/product78.jpg,0,2
294,Product 294,Toys,1.139981778677879,1.1528337307768852,21,26/09/2025 17:16,1.3295290783884242,24/08/2025 01:42,28/02/2025 02:03,Wrong table sure notice against they already tree us school.,https://example.com/product294.jpg,6,3
236,Product 236,Books,1.7359446260129665,1.306715875040763,25,19/06/2025 17:16,-0.2708437536126934,12/04/2025 23:31,11/04/2025 05:48,Look sound single organization stand medical.,https://example.com/product236.jpg,1,2
157,Product 157,Books,0.5319694373116681,-1.3092805774451612,30,09/10/2025 17:16,0.6661621013931422,31/10/2024 06:30,27/10/2024 11:26,Cultural structure region short start town course.,https://example.com/product157.jpg,1,1
124,Product 124,Sports,-1.6294705111393104,0.5885992018093329,27,30/06/2025 17:16,0.5251966187816449,29/06/2025 05:00,03/01/2025 00:29,Admit process officer wrong debate Congress candidate back pick common.,https://example.com/product124.jpg,5,3
13,Product 13,Electronics,1.4701550066115512,0.1782468171056585,26,12/08/2025 17:16,-1.2396359429328863,14/12/2024 18:27,28/11/2024 09:10,Sport site produce high great church word.,https://example.com/product13.jpg,3,0
148,Product 148,Books,-0.02305931327939073,1.4435000032753214,13,15/06/2025 17:16,-0.8326326622555728,30/09/2025 15:39,16/04/2025 03:56,Often pass player nothing myself leave product.,https://example.com/product148.jpg,1,2
99,Product 99,Sports,0.07179840568902636,1.5118920673926004,22,01/09/2025 17:16,0.3033832858488475,14/09/2025 03:47,17/05/2025 02:12,Also other maintain over figure customer.,https://example.com/product99.jpg,5,0
252,Product 252,Automotive,1.6970785984572583,0.2466388812229376,19,13/08/2025 17:16,0.5023933789474321,24/07/2025 16:01,10/11/2024 06:15,Husband style choose thought modern.,https://example.com/product252.jpg,0,1
82,Product 82,Home & Kitchen,-1.5701972553947212,1.255421826952804,40,13/09/2025 17:16,1.1153168254003645,18/03/2025 10:01,26/11/2024 21:02,Who land rock institution firm describe.,https://example.com/product82.jpg,4,4
76,Product 76,Electronics,-0.8046698260982523,0.7937753941611702,26,11/05/2025 17:16,-0.8236495677754283,22/08/2025 04:42,17/02/2025 18:38,Player kitchen game college check.,https://example.com/product76.jpg,3,4
255,Product 255,Toys,1.6629810940713137,1.4947940513632805,22,02/05/2025 17:16,-0.18101280881124898,18/10/2024 11:06,03/03/2025 23:36,Meet up act day late college language eye.,https://example.com/product255.jpg,6,0
176,Product 176,Toys,-0.02117925038091756,-0.24920358362733566,39,03/10/2025 17:16,1.393792754284842,21/07/2025 10:49,24/05/2025 21:25,Stage raise toward doctor give responsibility write individual what adult.,https://example.com/product176.jpg,6,3
290,Product 290,Automotive,-0.4669934380515827,-1.4460647056797193,51,19/10/2025 17:16,0.7456279371790354,05/02/2025 07:39,10/04/2025 15:22,Ago open heart issue customer become phone also smile.,https://example.com/product290.jpg,0,1
291,Product 291,Automotive,0.11902216740249218,-0.7279480324482891,74,20/09/2025 17:16,-1.6100158384219188,18/08/2025 04:42,09/12/2024 14:48,Save need still ever could newspaper.,https://example.com/product291.jpg,0,2
286,Product 286,Home & Kitchen,-0.26939882742205656,0.26373689725225735,14,20/06/2025 17:16,1.3447312382778993,01/07/2025 13:24,18/07/2025 02:33,Dream condition whole pressure late federal.,https://example.com/product286.jpg,4,4
325,Product 325,Clothing,-1.1036852843599565,1.6657742116564782,12,02/09/2025 17:16,0.0926260691993048,06/06/2025 09:48,22/10/2024 17:54,Worry gas year sister figure total sit Mr manager see.,https://example.com/product325.jpg,2,4
171,Product 171,Sports,-0.7263224776746084,1.4264019872460014,35,13/07/2025 17:16,0.9059416232862285,07/11/2024 05:01,21/04/2025 08:44,Know American fund purpose tax memory daughter.,https://example.com/product171.jpg,5,3
480,Product 480,Toys,0.2137431545237477,0.8621674582784492,49,27/07/2025 17:16,-1.0813952786288035,22/11/2024 02:33,05/01/2025 02:34,Support thank fear choice key take ahead church listen cup.,https://example.com/product480.jpg,6,0
449,Product 449,Books,-1.4090758649955737,1.5460880994512398,41,24/09/2025 17:16,-0.27015274634499,24/06/2025 06:17,04/12/2024 21:12,Cover play positive radio wife firm factor while.,https://example.com/product449.jpg,1,2
278,Product 278,Sports,-0.054781101820901124,1.4776960353339608,26,13/05/2025 17:16,1.005446669835521,21/01/2025 10:01,08/06/2025 23:45,Sell lot most kind possible friend before.,https://example.com/product278.jpg,5,0
201,Product 201,Automotive,1.0785379048595978,0.6740892819559318,40,30/06/2025 17:16,-0.7808071171778164,28/05/2025 00:18,26/10/2024 06:01,New clearly author institution rest day.,https://example.com/product201.jpg,0,2
346,Product 346,Automotive,0.4919411890550855,0.8792654743077689,50,18/05/2025 17:16,0.25708579891271843,24/05/2025 11:12,14/05/2025 16:13,Production positive low owner without rise.,https://example.com/product346.jpg,0,2
210,Product 210,Books,-0.8342893624896518,1.5631861154805595,37,21/09/2025 17:16,-1.2748773135857607,12/09/2025 14:06,02/03/2025 21:44,Difficult many enough arm effort Republican visit.,https://example.com/product210.jpg,1,2
329,Product 329,Books,0.11020296326056392,-0.9331242248001264,100,07/10/2025 17:16,1.0531261713070568,25/08/2025 12:41,13/06/2025 01:30,Usually always enter bar compare quality finish believe increase state reduce.,https://example.com/product329.jpg,1,1
321,Product 321,Automotive,1.039295864724195,-1.4460647056797193,151,07/10/2025 17:16,0.04356455319236208,20/02/2025 18:59,31/03/2025 07:58,Fall success within animal north expert half home.,https://example.com/product321.jpg,0,1
110,Product 110,Books,-0.45210675819185453,-0.4201837439205333,83,30/08/2025 17:16,0.4091073978074705,12/10/2024 23:08,27/09/2025 09:02,Occur fast professional imagine civil back soon wrong oil manage.,https://example.com/product110.jpg,1,1
441,Product 441,Automotive,-1.637982068625125,-0.65955596833101,51,03/09/2025 17:16,-0.5140783118442968,07/11/2024 07:08,05/02/2025 01:27,Employee billion number down authority state.,https://example.com/product441.jpg,0,2
126,Product 126,Sports,-0.9767639472321247,-1.2408885133278822,34,18/10/2025 17:16,-1.4773424430228623,04/02/2025 17:20,21/03/2025 17:25,Affect American then brother production film.,https://example.com/product126.jpg,5,3
309,Product 309,Toys,1.0308697646428562,1.375107939158042,21,22/07/2025 17:16,-1.2693492554441332,31/07/2025 00:18,15/10/2024 13:34,Consider even painting issue fact.,https://example.com/product309.jpg,6,0
218,Product 218,Toys,-1.0818594632567728,-1.5999468499435971,118,16/10/2025 17:16,-0.41111822895648736,06/12/2024 01:17,29/05/2025 18:09,Morning wall term possible.,https://example.com/product218.jpg,6,3
471,Product 471,Sports,0.7442798129919703,-1.0528103370053647,82,01/10/2025 17:16,-0.03866531166434474,22/11/2024 10:36,21/05/2025 05:54,Security to professional money performance without guy.,https://example.com/product471.jpg,5,3
427,Product 427,Toys,-0.7870314178143953,-1.4973587537676787,175,20/10/2025 17:16,-0.10983906023779685,26/05/2025 00:28,29/10/2024 01:41,Economic plan forget role stay break want responsibility receive.,https://example.com/product427.jpg,6,3
61,Product 61,Books,0.8791486887360744,1.5460880994512398,32,11/09/2025 17:16,-0.10638402389927977,02/09/2025 02:10,11/03/2025 16:40,Position series management modern again security thing expert nearly.,https://example.com/product61.jpg,1,2
306,Product 306,Sports,-0.5760370861630245,-1.6512408980315565,60,17/10/2025 17:16,0.3869951652409611,10/04/2025 23:15,11/08/2025 15:48,Note body baby middle baby general factor.,https://example.com/product306.jpg,5,3
83,Product 83,Sports,1.263724100359201,-0.18081151951005658,66,06/10/2025 17:16,-1.2707312699795401,08/03/2025 02:58,30/07/2025 13:56,Information turn impact ever according help hear amount under.,https://example.com/product83.jpg,5,0
273,Product 273,Automotive,1.5755923522541033,0.12695276901769922,10,18/07/2025 17:16,-1.2652032118379128,27/02/2025 02:42,13/10/2024 15:58,Group enough event measure wear here commercial understand foreign.,https://example.com/product273.jpg,0,2
140,Product 140,Automotive,1.6613574033862686,-0.11241945539277752,44,25/09/2025 17:16,-1.612088860225029,06/03/2025 16:51,07/08/2025 21:54,Time agree story value either.,https://example.com/product140.jpg,0,2
167,Product 167,Automotive,1.4858278945924588,-0.7963400965655681,26,28/09/2025 17:16,-1.283860408065905,04/02/2025 03:23,11/09/2025 05:47,Catch animal weight my it hear test husband hand professional.,https://example.com/product167.jpg,0,2
361,Product 361,Sports,-1.1812464246624206,0.8108734101904899,42,03/07/2025 17:16,1.7323863154595172,24/08/2025 10:29,31/03/2025 19:08,Federal detail fire pass popular begin beat avoid threat painting information.,https://example.com/product361.jpg,5,3
455,Product 455,Clothing,-1.0181253309985336,1.0673436506302865,27,10/05/2025 17:16,0.7138416028646781,22/06/2025 21:57,30/10/2024 08:06,Second step claim onto above throughout husband Mr already recognize.,https://example.com/product455.jpg,2,4
166,Product 166,Home & Kitchen,-1.1035485525127946,0.6911872979852515,35,04/06/2025 17:16,0.7083135447230507,30/09/2025 08:47,11/10/2024 15:51,Work like claim chair form.,https://example.com/product166.jpg,4,4
301,Product 301,Electronics,-0.7250406166074677,-1.39477065759176,184,19/10/2025 17:16,-1.1525690272022555,09/11/2024 10:22,29/07/2025 08:27,Might business speak clear sort around should must forget.,https://example.com/product301.jpg,3,4
344,Product 344,Toys,1.4933310547054564,0.9305595223957283,48,25/05/2025 17:16,-1.0696481550778454,23/08/2025 15:17,24/05/2025 08:17,Others certain suffer base might skin court pressure three.,https://example.com/product344.jpg,6,0
456,Product 456,Books,0.03930750050723162,-0.3004976317152949,81,24/09/2025 17:16,-1.540915111651577,22/05/2025 07:22,17/12/2024 07:48,Take exactly hospital seat today science truth financial herself at.,https://example.com/product456.jpg,1,2
406,Product 406,Home & Kitchen,1.3792454197299278,-0.35179167980325426,72,15/09/2025 17:16,-1.2064675940831222,02/05/2025 22:33,05/10/2024 23:20,We scene speech I after serve no.,https://example.com/product406.jpg,4,0
221,Product 221,Toys,0.7763776141131752,-1.4118686736210797,75,13/10/2025 17:16,1.2701024533659302,19/03/2025 11:23,15/09/2025 11:49,Attention cause remain leg.,https://example.com/product221.jpg,6,3
228,Product 228,Automotive,1.4354934833560644,-0.522771840096452,51,09/10/2025 17:16,0.27505198787300733,22/12/2024 05:21,01/01/2025 09:54,Play four audience something kitchen dream product establish.,https://example.com/product228.jpg,0,1
67,Product 67,Home & Kitchen,-1.1637447482257253,0.8450694422491294,29,13/08/2025 17:16,-0.8789301491917018,27/11/2024 19:49,07/05/2025 18:06,Thing assume past someone while good lose town name.,https://example.com/product67.jpg,4,0
277,Product 277,Clothing,-1.376345679081246,-0.24920358362733566,79,28/08/2025 17:16,-0.9998564210398001,02/12/2024 09:37,01/02/2025 16:54,Clearly painting future full official provide war.,https://example.com/product277.jpg,2,2
177,Product 177,Electronics,-1.075706530134497,0.5373051537213737,28,13/07/2025 17:16,-0.15129949630000197,30/06/2025 17:31,22/03/2025 14:53,Food allow including under strategy agent.,https://example.com/product177.jpg,3,4
343,Product 343,Clothing,-1.6086359959280492,-1.6683389140608762,94,21/10/2025 17:16,1.464966502858294,28/05/2025 00:01,17/10/2024 16:31,Himself want money hear ability policy school nearly majority.,https://example.com/product343.jpg,2,1
40,Product 40,Electronics,-0.21467190559559327,0.4518150735747748,41,22/05/2025 17:16,-1.0268057044802334,12/07/2025 10:32,22/12/2024 11:30,Mr long field describe response.,https://example.com/product40.jpg,3,4
311,Product 311,Sports,-0.7109401448689192,-0.8647321606828473,65,19/10/2025 17:16,-0.9632330358515189,14/02/2025 22:55,30/01/2025 02:32,Party only someone technology cut section laugh order better kitchen.,https://example.com/product311.jpg,5,3
323,Product 323,Toys,0.8616128293375888,0.6911872979852515,24,22/07/2025 17:16,-1.02611469721253,04/02/2025 18:29,03/08/2025 15:41,Big over perhaps far young state foreign.,https://example.com/product323.jpg,6,0
326,Product 326,Clothing,-1.4860046205049153,0.8279714262198097,36,31/08/2025 17:16,-1.6860266378692947,31/08/2025 00:36,25/12/2024 14:51,Church describe we establish phone half.,https://example.com/product326.jpg,2,2
64,Product 64,Toys,1.2595366875398748,1.6315781795978388,40,07/07/2025 17:16,-1.3626352365840948,28/08/2025 21:02,27/05/2025 00:27,Close natural card American two teacher expect color fine.,https://example.com/product64.jpg,6,0
87,Product 87,Automotive,0.34456134929568716,0.5031091216627341,16,22/05/2025 17:16,-1.5595723078795691,29/10/2024 20:05,06/07/2025 07:44,Close performance provide store six when specific break.,https://example.com/product87.jpg,0,2
257,Product 257,Toys,-1.6372813179084216,-1.0699083530346845,49,23/10/2025 17:16,-1.5450611552577973,02/04/2025 04:07,09/08/2025 18:19,Rate provide head arrive society fire actually leader.,https://example.com/product257.jpg,6,3
36,Product 36,Automotive,-1.509795961911048,-1.5657508178849577,165,18/10/2025 17:16,-1.136675860045077,13/11/2024 20:12,01/04/2025 09:30,Fast challenge chair very half board believe.,https://example.com/product36.jpg,0,2
378,Product 378,Toys,-0.28975478116825215,-1.5828488339142774,169,10/10/2025 17:16,-0.9259186433955343,05/11/2024 20:28,01/03/2025 02:01,Turn anything to more different so size affect according.,https://example.com/product378.jpg,6,3
57,Product 57,Automotive,1.2746284651703454,1.0844416666596062,38,12/09/2025 17:16,-0.17893978700813873,12/11/2024 09:39,08/12/2024 13:25,Building southern leg Congress tend artist build better sit front shoulder.,https://example.com/product57.jpg,0,2
96,Product 96,Sports,-1.1103680533899833,1.460598019304641,33,09/08/2025 17:16,1.0130477497802584,02/08/2025 10:54,24/11/2024 17:17,Source check social town trial have finish view together floor.,https://example.com/product96.jpg,5,3
43,Product 43,Sports,-1.4186300028159964,1.2896178590114433,14,07/06/2025 17:16,-0.10500200936387293,01/01/2025 12:10,09/03/2025 22:55,Similar only baby leader style ago coach age.,https://example.com/product43.jpg,5,3
237,Product 237,Toys,-1.4035040422237353,-0.02692937524617868,21,21/09/2025 17:16,0.12510341078136547,21/08/2025 08:52,06/12/2024 08:39,Serious still series bag we hear strong.,https://example.com/product237.jpg,6,3
322,Product 322,Home & Kitchen,0.6322280642429714,-1.2408885133278822,69,20/10/2025 17:16,-0.2639336809356592,16/02/2025 17:09,13/02/2025 00:02,Heart mission at boy culture physical serious.,https://example.com/product322.jpg,4,4
333,Product 333,Books,-1.3127311871892735,0.7253833300438911,26,25/05/2025 17:16,1.6024769491312745,12/08/2025 17:20,09/10/2024 02:52,Same land statement bar.,https://example.com/product333.jpg,1,1
268,Product 268,Sports,0.8969580118288837,-0.522771840096452,82,17/09/2025 17:16,-0.9134805125768727,12/07/2025 00:37,02/01/2025 11:11,Agree goal many about build for.,https://example.com/product268.jpg,5,0
318,Product 318,Automotive,-0.6147151074288854,-0.02692937524617868,25,26/09/2025 17:16,-1.382674447347494,19/05/2025 14:02,22/09/2025 12:34,Live site live country poor occur lay modern.,https://example.com/product318.jpg,0,2
186,Product 186,Home & Kitchen,-0.2402407610148279,0.41761904151613527,46,12/05/2025 17:16,0.6481959124328533,16/06/2025 09:27,13/07/2025 18:16,Fly same account throughout may practice spend edge course.,https://example.com/product186.jpg,4,4
319,Product 319,Clothing,-0.9977864687332335,-0.591163904213731,40,27/09/2025 17:16,-1.64871224541331,05/11/2024 05:17,17/05/2025 09:05,Whatever blue scene send seek security should attention civil usually.,https://example.com/product319.jpg,2,2
292,Product 292,Toys,-1.5396718705158756,-1.0357123209760448,70,19/10/2025 17:16,-0.8464528076096411,05/04/2025 01:28,08/04/2025 22:08,From product cultural quickly.,https://example.com/product292.jpg,6,3
168,Product 168,Electronics,-1.324011564580112,-0.813438112594888,32,17/09/2025 17:16,1.364079441773595,17/11/2024 22:13,13/12/2024 14:59,Market reason pretty your successful truth material poor rock possible.,https://example.com/product168.jpg,3,4
189,Product 189,Books,-1.6297097918718433,0.6227952338679724,37,26/08/2025 17:16,-0.41111822895648736,06/02/2025 08:39,28/04/2025 01:11,Church field evidence choice soon safe those reach every.,https://example.com/product189.jpg,1,2
299,Product 299,Electronics,-0.892742227151271,0.9989515865130073,48,31/08/2025 17:16,0.9301268776558482,20/08/2025 01:42,04/07/2025 07:14,Authority dog fire group increase or.,https://example.com/product299.jpg,3,4
204,Product 204,Automotive,1.3961318028543952,0.5031091216627341,45,02/07/2025 17:16,0.8181837002878943,04/06/2025 07:39,20/11/2024 04:25,Husband simple space provide share remember house guy.,https://example.com/product204.jpg,0,1
470,Product 470,Toys,-1.0381736380886153,-0.9502222408294461,37,18/10/2025 17:16,-1.1194006783524915,27/11/2024 05:03,11/01/2025 02:59,Model short kid look office mouth make once set card.,https://example.com/product470.jpg,6,3
504,Product 504,Sports,-1.0307730268609891,-0.2150075515686961,49,18/09/2025 17:16,-0.46916283944357456,18/09/2025 00:21,14/08/2025 19:32,Site tough stand age on such term dream.,https://example.com/product504.jpg,5,3
47,Product 47,Toys,0.786051392299864,-0.2150075515686961,80,17/09/2025 17:16,1.1913276248477405,13/03/2025 14:10,30/12/2024 09:32,The line region put enjoy maybe.,https://example.com/product47.jpg,6,3
112,Product 112,Home & Kitchen,-0.1439473576512131,0.34922697739885616,33,25/07/2025 17:16,1.395174768820249,22/10/2024 04:37,03/09/2025 12:00,Travel only everyone every approach generation.,https://example.com/product112.jpg,4,4
247,Product 247,Home & Kitchen,-0.4826834175133859,-0.3859877118618938,57,28/08/2025 17:16,1.3965567833556558,03/11/2024 15:46,22/08/2025 17:29,Summer new medical focus food position.,https://example.com/product247.jpg,4,4
414,Product 414,Sports,0.5619137118400765,1.6144801635685189,48,22/05/2025 17:16,-0.4857470138684566,24/01/2025 12:48,02/07/2025 16:16,Ability entire gun expert.,https://example.com/product414.jpg,5,0
362,Product 362,Toys,0.8099110996295776,-0.7450460484776089,33,15/09/2025 17:16,-1.1871193905874264,23/03/2025 06:28,13/10/2024 09:57,Billion this father compare crime with.,https://example.com/product362.jpg,6,3
49,Product 49,Automotive,-0.7842625979093713,1.0160496025423271,20,27/09/2025 17:16,0.7062405229199405,23/09/2025 11:45,11/06/2025 04:33,Big upon art east west call.,https://example.com/product49.jpg,0,1
297,Product 297,Books,-0.7590697550698313,1.682872227685798,22,13/08/2025 17:16,-0.8188125169015044,01/02/2025 12:13,13/03/2025 14:25,Probably the office race also throw of quickly maintain.,https://example.com/product297.jpg,1,2
155,Product 155,Automotive,1.44407340676546,-0.02692937524617868,47,30/08/2025 17:16,1.1844175521707063,20/10/2024 11:45,30/07/2025 17:42,Arm visit unit after teacher quite buy.,https://example.com/product155.jpg,0,1
215,Product 215,Home & Kitchen,0.307900122775461,-0.7792420805362484,34,01/10/2025 17:16,-0.022772144507166112,23/07/2025 09:37,02/06/2025 08:01,Hit decision painting choose him college.,https://example.com/product215.jpg,4,4
363,Product 363,Home & Kitchen,-0.037552889078529085,-1.4289666896503996,70,06/10/2025 17:16,-0.766986971823748,14/11/2024 19:27,12/05/2025 08:18,Peace material drop lot receive apply garden bed.,https://example.com/product363.jpg,4,4
212,Product 212,Clothing,0.8627237755957775,-0.7621440645069286,39,12/10/2025 17:16,-0.3710398074296891,05/02/2025 20:22,25/01/2025 09:28,Claim land future century relationship either daughter magazine.,https://example.com/product212.jpg,2,2
54,Product 54,Clothing,-0.8757362036605367,0.2466388812229376,31,18/09/2025 17:16,0.23704658814931928,25/01/2025 21:49,28/11/2024 08:34,Home ask ask especially trial management.,https://example.com/product54.jpg,2,4
68,Product 68,Automotive,0.19301118819785784,-0.009831359216858914,48,05/10/2025 17:16,-0.9245366288601274,01/08/2025 20:02,20/03/2025 02:28,Everything skin realize better gas air against officer.,https://example.com/product68.jpg,0,2
283,Product 283,Automotive,-1.5012331299825477,-0.6082619202430507,45,09/10/2025 17:16,0.01661526975192875,29/06/2025 06:17,11/09/2025 07:08,Own key sit away just.,https://example.com/product283.jpg,0,1
238,Product 238,Sports,-0.16483314730516013,0.2466388812229376,50,05/07/2025 17:16,-1.1380578745804837,25/11/2024 01:12,25/01/2025 02:19,Current we bed whose wait evening future.,https://example.com/product238.jpg,5,0
459,Product 459,Automotive,1.2268235931064422,-1.6683389140608762,104,05/10/2025 17:16,1.5444323386441874,18/03/2025 12:54,16/10/2024 21:35,Air movie argue risk serve.,https://example.com/product459.jpg,0,1
445,Product 445,Sports,1.7242540530806423,-0.3859877118618938,80,12/09/2025 17:16,0.7684311770132483,10/05/2025 22:29,10/09/2025 08:00,Respond work trouble effort authority.,https://example.com/product445.jpg,5,3
225,Product 225,Electronics,1.534931719204398,0.9476575384250481,31,04/05/2025 17:16,1.5941848619188335,05/10/2024 17:04,09/09/2025 04:12,Appear ago old magazine behind group.,https://example.com/product225.jpg,3,4
133,Product 133,Automotive,0.009619598192251343,-0.2663015996566554,24,02/10/2025 17:16,-1.4275899197482163,15/09/2025 16:32,06/04/2025 05:11,Point sing benefit purpose officer ok part.,https://example.com/product133.jpg,0,2
69,Product 69,Clothing,-0.8403226552456611,1.4776960353339608,35,22/05/2025 17:16,0.8644811872240235,16/01/2025 18:02,06/06/2025 09:27,Car actually allow apply fill surface enough surface.,https://example.com/product69.jpg,2,4
45,Product 45,Toys,1.1699089617253922,-0.5398698561257717,71,04/09/2025 17:16,1.2555913007441584,01/06/2025 10:58,13/07/2025 17:01,Western anything his table baby yourself because.,https://example.com/product45.jpg,6,3
229,Product 229,Toys,-0.5905477534430579,1.306715875040763,12,28/08/2025 17:16,0.8914304706644567,10/03/2025 12:50,08/11/2024 10:13,Seek place real somebody difficult.,https://example.com/product229.jpg,6,3
308,Product 308,Electronics,-0.2564947593461729,1.6315781795978388,47,01/08/2025 17:16,0.13408650526150992,27/12/2024 12:48,07/02/2025 02:43,Walk institution edge investment ok item good capital.,https://example.com/product308.jpg,3,4
463,Product 463,Toys,0.28111777221266676,-0.14661548745141706,82,26/09/2025 17:16,-1.1346028382419666,28/04/2025 01:30,03/03/2025 04:00,Rich issue think material simply class throw.,https://example.com/product463.jpg,6,3
213,Product 213,Electronics,-0.5078249859102401,1.1015396826889259,47,30/08/2025 17:16,0.6143365563153859,24/12/2024 01:21,28/12/2024 05:11,Brother think discussion mouth audience.,https://example.com/product213.jpg,3,4
27,Product 27,Electronics,-0.9093380551005202,0.8963634903370887,35,27/06/2025 17:16,0.9197617686402969,23/12/2024 02:11,26/07/2025 01:22,Close fire either policy leave.,https://example.com/product27.jpg,3,4
55,Product 55,Books,-0.5388972981777325,0.6227952338679724,48,29/07/2025 17:16,-0.6453696927079463,20/11/2024 04:38,25/07/2025 22:04,Natural guy carry simply realize page actually.,https://example.com/product55.jpg,1,2
446,Product 446,Clothing,-0.5325050843229239,0.4005210254868155,21,02/05/2025 17:16,0.009014189807191146,04/04/2025 13:40,10/04/2025 01:33,Miss imagine them their service against next itself.,https://example.com/product446.jpg,2,4
178,Product 178,Home & Kitchen,-0.9032193049400349,-1.3776726415624403,182,18/10/2025 17:16,-1.610706845689622,30/06/2025 18:03,14/07/2025 16:05,Son culture whose school indeed company nature.,https://example.com/product178.jpg,4,3
415,Product 415,Clothing,0.37276229277278417,-0.9673202568587659,33,17/10/2025 17:16,-1.4573032322594632,02/01/2025 09:43,14/05/2025 22:06,Medical Mrs actually should condition might discover.,https://example.com/product415.jpg,2,2
371,Product 371,Toys,-0.9886083434925054,-1.2066924812692426,71,10/10/2025 17:16,-1.3260118513958137,09/03/2025 19:29,03/12/2024 18:54,Agree sell share foreign week.,https://example.com/product371.jpg,6,3
489,Product 489,Toys,1.700958364620471,1.238323810923484,42,10/09/2025 17:16,-1.1857373760520196,10/07/2025 07:53,02/06/2025 07:25,When here special deep long describe.,https://example.com/product489.jpg,6,0
493,Product 493,Home & Kitchen,1.352155422511019,-1.6512408980315565,154,29/09/2025 17:16,-0.030373224451903717,09/02/2025 02:55,19/08/2025 19:52,Because least mind peace receive discussion defense.,https://example.com/product493.jpg,4,4
352,Product 352,Clothing,-1.22185578326944,-0.591163904213731,45,11/10/2025 17:16,0.09469909100241505,09/03/2025 10:40,24/07/2025 07:35,Which third staff call southern bed.,https://example.com/product352.jpg,2,4
275,Product 275,Books,-1.0361568433429804,-0.4372817599498531,73,02/10/2025 17:16,1.6978359520743462,15/09/2025 20:28,13/05/2025 08:52,Statement able western power officer condition nothing edge.,https://example.com/product275.jpg,1,1
425,Product 425,Electronics,0.8362319802082017,1.1015396826889259,35,22/06/2025 17:16,1.012356742512555,14/05/2025 13:56,25/01/2025 12:22,Something actually window month itself trip day.,https://example.com/product425.jpg,3,4
477,Product 477,Toys,-0.7893387677352488,-1.2408885133278822,43,07/10/2025 17:16,0.38354012890244404,19/04/2025 22:25,21/10/2024 21:17,Raise home them enter hot reach enough price instead.,https://example.com/product477.jpg,6,3
29,Product 29,Automotive,-1.4075889061576905,-1.5144567697969984,141,04/10/2025 17:16,1.491224779031024,03/03/2025 23:54,25/07/2025 11:43,Human collection whole capital six read stay serious seat program.,https://example.com/product29.jpg,0,1
115,Product 115,Clothing,1.5183871656978343,-0.813438112594888,67,27/09/2025 17:16,0.7919254241151644,22/04/2025 09:41,15/01/2025 01:30,Material usually region computer and time home.,https://example.com/product115.jpg,2,1
453,Product 453,Automotive,1.4568920174368678,-0.881830176712167,48,28/09/2025 17:16,0.5473088513481542,02/02/2025 12:56,13/09/2025 11:35,Girl network natural able believe wall continue serve.,https://example.com/product453.jpg,0,1
97,Product 97,Home & Kitchen,-0.8752063677527853,1.1186376987182456,50,24/06/2025 17:16,-0.737273659312501,11/10/2024 14:14,09/01/2025 13:13,Environmental television crime upon.,https://example.com/product97.jpg,4,0
231,Product 231,Electronics,0.048297619458112215,0.31503094534021664,18,28/08/2025 17:16,-1.2645122045702093,18/08/2025 05:37,07/03/2025 19:50,Performance picture while remember girl loss road arm.,https://example.com/product231.jpg,3,4
100,Product 100,Toys,0.613957271165992,1.375107939158042,25,13/05/2025 17:16,-0.877548134656295,03/04/2025 04:51,19/11/2024 12:50,Win attention foreign however fish.,https://example.com/product100.jpg,6,0
138,Product 138,Sports,-0.05944707610529356,1.3580099231287224,27,12/08/2025 17:16,-1.6300550491853179,04/04/2025 10:07,14/08/2025 05:41,Author when former here company these may.,https://example.com/product138.jpg,5,0
416,Product 416,Electronics,0.9892007342203337,-0.02692937524617868,46,31/08/2025 17:16,1.1567772614625695,10/01/2025 17:30,05/10/2024 12:23,Take stop imagine because time weight bag.,https://example.com/product416.jpg,3,4
119,Product 119,Clothing,0.6707864451425661,-1.39477065759176,93,06/10/2025 17:16,1.5630895348721796,26/07/2025 15:27,26/02/2025 11:13,Only security address lose whom part third half school.,https://example.com/product119.jpg,2,1
9,Product 9,Sports,-1.3934200684955613,1.6999702437151178,27,19/05/2025 17:16,-1.6680604489090058,16/08/2025 10:46,21/07/2025 17:15,Free newspaper make effect condition.,https://example.com/product9.jpg,5,0
51,Product 51,Toys,1.2631600814896593,0.6398932498972922,12,03/05/2025 17:16,1.2859956205231087,13/03/2025 21:37,30/07/2025 20:16,Baby stay travel tell simple buy light.,https://example.com/product51.jpg,6,3
211,Product 211,Electronics,0.6427735079553163,0.41761904151613527,21,17/09/2025 17:16,-0.4408315414677344,24/11/2024 05:34,24/07/2025 18:02,Arm those human firm leader common.,https://example.com/product211.jpg,3,4
246,Product 246,Books,-1.2172410834277336,-0.813438112594888,47,28/08/2025 17:16,0.22115342099214066,26/04/2025 00:04,23/05/2025 16:48,Hospital adult thank establish push difficult tell take set.,https://example.com/product246.jpg,1,1
22,Product 22,Clothing,1.0901088374256551,1.6144801635685189,27,02/05/2025 17:16,-0.8892952582072531,05/02/2025 10:40,22/02/2025 22:27,Half while ready way may medical who door send.,https://example.com/product22.jpg,2,2
428,Product 428,Electronics,-0.09327111679691466,-0.7108500164189694,23,29/08/2025 17:16,1.1788894940290788,12/08/2025 16:08,17/03/2025 13:21,Significant especially life resource contain.,https://example.com/product428.jpg,3,4
132,Product 132,Home & Kitchen,1.3453530131147253,1.4776960353339608,35,24/09/2025 17:16,-0.06561459510477807,16/05/2025 10:23,10/08/2025 17:29,Bit this good probably receive per close cause oil.,https://example.com/product132.jpg,4,0
312,Product 312,Home & Kitchen,1.0077962654343222,-0.2150075515686961,98,14/09/2025 17:16,1.1305189852898396,22/10/2024 00:08,11/10/2024 23:42,Plant thing most peace fine her carry world.,https://example.com/product312.jpg,4,4
66,Product 66,Books,-0.00870246932741413,-0.522771840096452,50,02/09/2025 17:16,-1.0399348425665984,10/03/2025 23:47,22/08/2025 23:11,Unit citizen consider Democrat mention stage.,https://example.com/product66.jpg,1,2
92,Product 92,Clothing,-1.13568053659579,1.2212257948941643,19,20/08/2025 17:16,1.614915079949936,22/12/2024 21:51,17/07/2025 14:58,Some bag agent word write important.,https://example.com/product92.jpg,2,4
269,Product 269,Toys,0.7195313486557058,1.6657742116564782,35,09/09/2025 17:16,-0.8119024442244702,18/02/2025 16:32,29/04/2025 12:03,Old power call out popular rock exactly.,https://example.com/product269.jpg,6,0
466,Product 466,Clothing,-1.5830671405088144,0.46891308960409456,42,24/05/2025 17:16,0.4035793396658432,18/06/2025 11:19,15/03/2025 04:25,Government become green environment law boy.,https://example.com/product466.jpg,2,4
359,Product 359,Clothing,0.9927215792847469,1.169931746806205,42,27/07/2025 17:16,0.8817563689166089,18/09/2025 18:09,30/08/2025 19:35,House office from nice not avoid leg energy.,https://example.com/product359.jpg,2,4
497,Product 497,Clothing,-1.1107611574505734,1.7170682597444376,40,27/07/2025 17:16,0.9805704081981977,09/04/2025 13:22,28/12/2024 17:29,Truth financial discuss no hand season research reason.,https://example.com/product497.jpg,2,4
394,Product 394,Automotive,0.6820668225334048,-1.2921825614158413,61,30/09/2025 17:16,1.0821484765506002,01/06/2025 01:18,05/04/2025 15:13,Central themselves fund ahead more.,https://example.com/product394.jpg,0,1
280,Product 280,Automotive,-1.3181833695948453,-1.0015162889174054,53,25/10/2025 17:16,1.722021206443966,16/12/2024 15:36,19/12/2024 08:05,Heavy myself finally its pressure among.,https://example.com/product280.jpg,0,1
450,Product 450,Electronics,1.4147615170301746,-1.4289666896503996,134,16/10/2025 17:16,-0.19414194689761394,02/10/2024 01:14,12/01/2025 10:05,Writer final space employee thus box order industry defense.,https://example.com/product450.jpg,3,4
437,Product 437,Sports,0.31646295470396135,0.6398932498972922,22,30/08/2025 17:16,-0.6667909180067523,26/10/2024 05:50,09/03/2025 15:44,So clear fine do various parent official.,https://example.com/product437.jpg,5,0
315,Product 315,Home & Kitchen,-0.30534221174468396,0.4518150735747748,16,12/05/2025 17:16,-0.7213804921553223,11/10/2024 06:02,09/09/2025 18:54,Second contain age country sea.,https://example.com/product315.jpg,4,0
219,Product 219,Clothing,0.9406438369970411,-0.31759564774461474,100,17/09/2025 17:16,-0.3392534731153318,02/03/2025 18:46,14/03/2025 06:13,Check study me entire site while those music debate everyone Democrat.,https://example.com/product219.jpg,2,2
496,Product 496,Toys,-1.460931418031642,0.8792654743077689,22,17/08/2025 17:16,1.2859956205231087,11/07/2025 12:26,01/06/2025 21:37,Deal factor short investment list rest large support.,https://example.com/product496.jpg,6,3
144,Product 144,Clothing,0.46676543769644074,0.8108734101904899,10,15/05/2025 17:16,1.1111707817941439,15/11/2024 03:47,02/11/2024 02:34,Quite how push agreement onto professor attention film offer understand area.,https://example.com/product144.jpg,2,4
59,Product 59,Electronics,-1.3038607086046592,-0.813438112594888,51,01/09/2025 17:16,-0.5237524135921446,04/08/2025 06:46,03/11/2024 08:15,Study here such ago task send.,https://example.com/product59.jpg,3,4
404,Product 404,Automotive,-1.4603161247194143,-1.531554785826318,91,10/10/2025 17:16,1.7061280392867872,25/10/2024 05:47,02/10/2024 04:38,Memory Mr number member feel lose along assume soon.,https://example.com/product404.jpg,0,1
485,Product 485,Home & Kitchen,0.18335450149206386,1.0673436506302865,14,27/07/2025 17:16,-0.6654089034713454,26/12/2024 03:16,13/12/2024 02:54,Front century life policy doctor information him suddenly single official.,https://example.com/product485.jpg,4,0
25,Product 25,Toys,0.027839116826545454,-0.7450460484776089,49,25/09/2025 17:16,-1.1373668673127804,05/06/2025 10:40,16/03/2025 07:11,Movie structure great out.,https://example.com/product25.jpg,6,3
129,Product 129,Books,-1.0011705819504852,-1.3776726415624403,105,09/10/2025 17:16,1.1084067527233301,20/02/2025 02:41,07/01/2025 00:06,Push live suddenly soon ground.,https://example.com/product129.jpg,1,1
300,Product 300,Automotive,0.6508919613805412,-1.0699083530346845,70,14/10/2025 17:16,-0.6191114165352164,03/04/2025 13:46,22/05/2025 10:55,Have they whether rest realize value.,https://example.com/product300.jpg,0,2
86,Product 86,Sports,-1.3411714113989033,0.22954086519361783,24,14/09/2025 17:16,0.5065394225536526,05/03/2025 13:04,11/06/2025 06:57,Deal view already college create individual attorney approach if central.,https://example.com/product86.jpg,5,3
258,Product 258,Home & Kitchen,-0.7026336851538469,0.6740892819559318,45,21/09/2025 17:16,-0.23283835388900537,18/11/2024 00:41,15/11/2024 10:17,Keep company institution building effort recently report surface maybe necessary.,https://example.com/product258.jpg,4,4
20,Product 20,Clothing,0.8192943226410481,0.041462688871100384,26,23/06/2025 17:16,-1.455230210456353,28/08/2025 07:01,26/08/2025 10:07,Arm rich simple move could behind away statement front lay collection.,https://example.com/product20.jpg,2,2
65,Product 65,Home & Kitchen,0.40256983545403097,1.4093039712166817,40,23/08/2025 17:16,-0.2812088626282447,01/06/2025 05:52,25/10/2024 18:42,Impact city position page condition record technology.,https://example.com/product65.jpg,4,0
158,Product 158,Electronics,0.5270641822947426,-0.12951747142209727,53,24/09/2025 17:16,0.7988354967921987,15/02/2025 02:41,17/07/2025 21:08,Production mission represent by act per continue sing management.,https://example.com/product158.jpg,3,4
434,Product 434,Toys,-0.513584814971926,0.2808349132815771,46,28/07/2025 17:16,-0.4663988103727609,10/11/2024 20:11,03/04/2025 09:27,It follow step standard employee although resource build risk system.,https://example.com/product434.jpg,6,3
12,Product 12,Toys,1.1047220535910598,-0.3859877118618938,23,06/09/2025 17:16,0.9391099721359927,30/09/2025 05:05,28/11/2024 12:00,Understand particularly mean allow account.,https://example.com/product12.jpg,6,3
408,Product 408,Clothing,0.9223388609582709,1.682872227685798,50,21/07/2025 17:16,0.9059416232862285,14/04/2025 18:39,04/10/2024 09:57,Couple indicate drive main us.,https://example.com/product408.jpg,2,4
239,Product 239,Books,-0.8203085311173698,0.5544031697506934,44,31/07/2025 17:16,-0.7863351753194437,17/08/2025 09:25,16/07/2025 23:17,Heart PM yard require newspaper newspaper space.,https://example.com/product239.jpg,1,2
208,Product 208,Sports,-0.03495498398245715,1.2212257948941643,22,23/07/2025 17:16,-0.9065704398998385,13/03/2025 09:02,15/12/2024 20:06,Appear watch management rate way floor physical win.,https://example.com/product208.jpg,5,0
328,Product 328,Electronics,-1.109923674886708,0.4860111056334143,25,23/09/2025 17:16,0.9059416232862285,01/03/2025 01:04,03/02/2025 04:21,Eat free item peace leg building would star natural.,https://example.com/product328.jpg,3,4
250,Product 250,Automotive,-1.5530203170950347,-1.1895944652399228,36,07/10/2025 17:16,-0.5382635662139164,14/10/2024 14:52,07/06/2025 04:22,Air short worker score black.,https://example.com/product250.jpg,0,1
62,Product 62,Electronics,-0.23082335504156706,-1.2750845453865216,71,04/10/2025 17:16,-0.29433800071460964,21/08/2025 09:40,15/11/2024 01:48,Need pressure Mrs government law probably five floor health according.,https://example.com/product62.jpg,3,4
387,Product 387,Books,-0.0767094718094558,0.9134615063664084,25,18/06/2025 17:16,1.611460043611419,17/02/2025 20:11,30/03/2025 22:06,Quality enough pattern camera.,https://example.com/product387.jpg,1,1
331,Product 331,Automotive,0.22088739353794573,0.9989515865130073,14,04/07/2025 17:16,-0.3744948437682062,19/04/2025 14:27,15/10/2024 22:09,Within sell coach arm what site effort different left.,https://example.com/product331.jpg,0,2
265,Product 265,Automotive,-0.09368131233839971,-0.06112540730481821,49,28/08/2025 17:16,-0.745565746524942,23/04/2025 04:06,08/04/2025 07:18,Interview the likely room cut watch interview.,https://example.com/product265.jpg,0,2
413,Product 413,Sports,-1.0891404341181323,-0.9502222408294461,24,12/10/2025 17:16,-0.08081675499425328,23/05/2025 22:50,28/10/2024 17:00,Get care social drop rest agency.,https://example.com/product413.jpg,5,3
18,Product 18,Toys,-1.0588372384909246,0.6227952338679724,46,23/08/2025 17:16,0.07742390930982959,13/02/2025 17:53,26/02/2025 01:51,Data research thought throughout total explain simply answer.,https://example.com/product18.jpg,6,3
261,Product 261,Automotive,1.4557981626595744,-1.0357123209760448,83,27/09/2025 17:16,0.5728761202531808,23/08/2025 09:20,20/03/2025 17:28,Test her fly home parent particularly pick whole investment test.,https://example.com/product261.jpg,0,1
399,Product 399,Automotive,1.065309098646705,0.05856070490042015,17,29/08/2025 17:16,-1.2728042917826503,08/05/2025 20:21,16/12/2024 21:10,Page keep hot nearly discussion while buy.,https://example.com/product399.jpg,0,2
402,Product 402,Toys,1.1816508091004014,-0.09532143936345774,48,28/08/2025 17:16,1.6681226395630993,28/01/2025 05:18,12/02/2025 17:28,Half pass bill article political figure natural talk scientist.,https://example.com/product402.jpg,6,3
342,Product 342,Books,-1.087636383799354,0.5373051537213737,18,12/06/2025 17:16,-0.4007531199409361,02/01/2025 21:34,15/01/2025 20:46,Tv action company quality third group statement chair anything assume.,https://example.com/product342.jpg,1,2
431,Product 431,Clothing,-1.235494785023818,0.7766773781318503,24,02/07/2025 17:16,-1.3163377496479658,06/11/2024 23:30,14/09/2025 05:44,Administration fall development away production interview.,https://example.com/product431.jpg,2,2
165,Product 165,Automotive,-0.5023386205428777,-0.16371350348073682,65,02/09/2025 17:16,0.6440498688266328,04/04/2025 03:11,24/01/2025 16:26,Democrat green street character former better.,https://example.com/product165.jpg,0,1
206,Product 206,Electronics,1.119283995313779,0.09275673695905969,39,30/05/2025 17:16,-0.5196063699859241,06/08/2025 05:58,21/09/2025 14:55,Trip reveal feel drive process here within away discuss.,https://example.com/product206.jpg,3,4
202,Product 202,Electronics,0.6278697366146929,-0.8476341446535275,79,11/10/2025 17:16,-0.24251245563685322,26/10/2024 22:17,13/10/2024 23:20,Probably appear five decide together unit single stuff most east.,https://example.com/product202.jpg,3,4
121,Product 121,Home & Kitchen,-0.5708412759708804,0.007266656812460852,24,20/09/2025 17:16,-0.550701697032578,25/02/2025 20:07,27/08/2025 05:45,Pass husband good sound church actually large final southern.,https://example.com/product121.jpg,4,4
295,Product 295,Home & Kitchen,0.05892852057493306,-1.617044865972917,71,26/10/2025 17:16,1.2037657556664019,11/01/2025 00:23,22/07/2025 14:50,Rock bag while under cost close age specific.,https://example.com/product295.jpg,4,4
181,Product 181,Books,1.3860649206071165,-1.2750845453865216,93,22/10/2025 17:16,0.6253926725986406,22/08/2025 21:13,14/08/2025 05:41,Feel evidence city once adult serious model center.,https://example.com/product181.jpg,1,1
63,Product 63,Home & Kitchen,0.8851136155685029,0.10985475298837945,17,28/05/2025 17:16,0.7103865665261611,14/09/2025 17:44,28/07/2025 12:18,Half tax fear training life make toward her market compare.,https://example.com/product63.jpg,4,4
426,Product 426,Books,-1.5333651140655429,-1.531554785826318,161,02/10/2025 17:16,0.9474020593484337,25/04/2025 19:54,07/12/2024 23:35,Like scientist at bag rock there body nor.,https://example.com/product426.jpg,1,1
365,Product 365,Toys,0.3765566015315209,-0.19790953553937635,62,09/09/2025 17:16,0.7836333369027234,04/08/2025 15:17,05/07/2025 12:56,Crime dark few former law appear field everybody home think.,https://example.com/product365.jpg,6,3
209,Product 209,Automotive,1.2575540757560304,-0.11241945539277752,61,04/09/2025 17:16,-1.0371708134957847,01/12/2024 20:00,01/02/2025 04:43,Particular race wide president on use.,https://example.com/product209.jpg,0,2
435,Product 435,Electronics,-1.1041125713823368,0.2808349132815771,23,24/08/2025 17:16,-0.21625417946412334,19/06/2025 20:56,13/01/2025 03:06,Close draw employee catch tree.,https://example.com/product435.jpg,3,4
142,Product 142,Toys,-1.6354525294526339,0.12695276901769922,22,02/07/2025 17:16,-0.22869231028278486,25/03/2025 11:30,16/07/2025 00:23,Discussion movement for suddenly describe industry both close.,https://example.com/product142.jpg,6,3
118,Product 118,Books,0.5155445241713709,-0.6253599362723705,58,28/09/2025 17:16,1.6045499709343847,14/10/2024 01:19,29/05/2025 03:31,Eight lose skin hit meet reveal set.,https://example.com/product118.jpg,1,1
393,Product 393,Books,0.4420340648410714,1.52899008342192,47,15/08/2025 17:16,1.6314992543748181,06/02/2025 03:23,01/01/2025 23:41,Respond house somebody among.,https://example.com/product393.jpg,1,1
184,Product 184,Home & Kitchen,-0.31834882870593884,0.6911872979852515,17,16/06/2025 17:16,0.6184825999216064,31/03/2025 11:49,01/01/2025 17:00,Employee stock specific listen draw.,https://example.com/product184.jpg,4,4
243,Product 243,Sports,-0.8616699148837786,-1.0357123209760448,74,28/09/2025 17:16,-0.1036199948284661,16/01/2025 12:37,26/07/2025 23:55,Front free result prepare rule nation director edge.,https://example.com/product243.jpg,5,3
316,Product 316,Toys,0.05258758116280998,-0.04402739127549845,95,06/10/2025 17:16,1.6701956613662094,03/08/2025 05:03,01/07/2025 15:05,Thing free ten shake including attorney wear sometimes think adult.,https://example.com/product316.jpg,6,3
28,Product 28,Home & Kitchen,-1.1106927915269926,1.6657742116564782,15,10/09/2025 17:16,-0.7925542407287745,10/12/2024 06:17,11/05/2025 04:44,Position at color unit head room.,https://example.com/product28.jpg,4,0
101,Product 101,Automotive,0.13942939559137335,1.682872227685798,46,28/08/2025 17:16,-0.885840221868736,03/10/2024 13:12,10/03/2025 18:58,Memory since check thus medical government camera way learn rate.,https://example.com/product101.jpg,0,2
56,Product 56,Electronics,-1.002708815231054,-1.6683389140608762,185,14/10/2025 17:16,1.0738563893381592,09/11/2024 11:31,25/04/2025 14:40,Inside still large education.,https://example.com/product56.jpg,3,4
249,Product 249,Toys,-1.1951417986302266,-0.881830176712167,36,18/10/2025 17:16,0.32825954748617053,01/05/2025 14:15,29/12/2024 05:49,Consumer listen heavy represent language chance tend relate value.,https://example.com/product249.jpg,6,3
264,Product 264,Automotive,-0.2681511493167062,0.5373051537213737,35,24/06/2025 17:16,-1.1104175838723471,10/02/2025 07:59,24/11/2024 10:11,Sport task during step visit at practice effect.,https://example.com/product264.jpg,0,2
396,Product 396,Electronics,-0.4575589405974267,0.656991265926612,35,02/07/2025 17:16,0.5811682074656218,19/11/2024 14:11,21/06/2025 05:30,Report light through rock skill smile Mrs.,https://example.com/product396.jpg,3,4
48,Product 48,Electronics,1.2338823747161642,0.9305595223957283,19,18/06/2025 17:16,-1.670133470712116,17/08/2025 05:28,05/09/2025 10:30,No economic tend relationship free wind.,https://example.com/product48.jpg,3,0
244,Product 244,Clothing,0.15031666892162251,-1.1553984331812832,73,26/10/2025 17:16,-0.13886136548134045,19/08/2025 08:13,22/10/2024 16:23,Agency exist federal on take situation relationship seven people less.,https://example.com/product244.jpg,2,1
79,Product 79,Toys,-1.5099156022773146,0.43471705754545503,24,19/07/2025 17:16,0.4305286231062765,19/12/2024 01:20,09/12/2024 13:29,Unit several view nice card challenge almost.,https://example.com/product79.jpg,6,3
52,Product 52,Books,-1.3021686519960334,1.392205955187362,43,19/05/2025 17:16,-0.08703582040358404,07/01/2025 14:51,04/01/2025 01:00,Allow chance parent idea hot line soldier chance.,https://example.com/product52.jpg,1,2
152,Product 152,Automotive,-0.007437699741168553,0.4860111056334143,43,13/06/2025 17:16,1.7358413517980342,15/04/2025 21:05,10/09/2025 10:05,Answer early student trip past option science begin describe.,https://example.com/product152.jpg,0,1
313,Product 313,Books,1.7393800136729036,0.2808349132815771,28,20/09/2025 17:16,-0.17755777247273188,14/06/2025 09:28,21/05/2025 18:58,Themselves human southern able coach like likely particular let professional.,https://example.com/product313.jpg,1,2
159,Product 159,Electronics,-0.6123906660271368,0.4518150735747748,44,02/06/2025 17:16,-0.14577143815837462,26/10/2024 20:40,04/11/2024 12:33,Personal usually success all land former or.,https://example.com/product159.jpg,3,4
222,Product 222,Electronics,1.703881007853552,-0.04402739127549845,93,09/10/2025 17:16,0.5141405024983902,11/11/2024 03:51,20/06/2025 19:51,Smile car well government continue.,https://example.com/product222.jpg,3,4
245,Product 245,Electronics,0.7010725492888787,-0.9160262087708065,41,20/10/2025 17:16,0.426382579500056,10/12/2024 01:48,31/12/2024 01:46,Eye language woman benefit PM forget.,https://example.com/product245.jpg,3,4
81,Product 81,Toys,-0.6051609696084628,0.9305595223957283,30,21/07/2025 17:16,1.2555913007441584,24/02/2025 02:46,29/05/2025 13:57,Mrs often himself often radio begin.,https://example.com/product81.jpg,6,3
84,Product 84,Clothing,-1.2222830702918204,-0.2663015996566554,71,25/09/2025 17:16,-1.318410771451076,11/04/2025 07:40,12/03/2025 08:37,Serious in treatment able American only sit.,https://example.com/product84.jpg,2,2
44,Product 44,Home & Kitchen,0.6919456984908362,0.10985475298837945,45,24/06/2025 17:16,-1.6466392236101999,23/10/2024 14:08,20/04/2025 16:56,Probably everybody between bring color.,https://example.com/product44.jpg,4,0
419,Product 419,Home & Kitchen,0.8111245947731376,1.7170682597444376,48,13/07/2025 17:16,-0.583870045882342,25/09/2025 05:39,01/11/2024 12:12,Worker certainly get term image administration.,https://example.com/product419.jpg,4,0
339,Product 339,Electronics,-0.11966036329911924,1.6999702437151178,31,13/07/2025 17:16,-1.657004332625751,24/06/2025 07:32,05/11/2024 04:11,Congress economic happen most experience nor movement more.,https://example.com/product339.jpg,3,0
444,Product 444,Books,-0.6233121223191761,-1.0870063690640042,51,23/10/2025 17:16,0.515522517033797,11/06/2025 00:09,11/12/2024 11:06,Image trade however six soldier range only ability story.,https://example.com/product444.jpg,1,1
90,Product 90,Books,0.3354686814594354,0.6227952338679724,38,18/09/2025 17:16,-0.7068693395335506,01/12/2024 13:45,14/07/2025 06:11,West factor without carry along.,https://example.com/product90.jpg,1,2
107,Product 107,Sports,-0.7375344891418663,1.6486761956271585,50,10/05/2025 17:16,-0.15060848903229856,01/11/2024 10:12,05/07/2025 04:37,Court arrive detail eat marriage from small show.,https://example.com/product107.jpg,5,0
198,Product 198,Electronics,-0.2591781218467208,-1.548652801855638,171,17/10/2025 17:16,0.6944933993689825,20/08/2025 20:34,14/07/2025 11:28,Total even head hard artist between bit design successful.,https://example.com/product198.jpg,3,4
472,Product 472,Books,-1.4216722864153437,1.323813891070083,48,08/05/2025 17:16,-0.9604690067807052,09/09/2025 20:26,03/11/2024 23:20,Man important model party mind list middle.,https://example.com/product472.jpg,1,2
193,Product 193,Books,1.5094995956323254,-0.3004976317152949,37,20/09/2025 17:16,-0.5741959441344942,13/04/2025 19:50,21/02/2025 12:21,Begin evening research situation increase network buy.,https://example.com/product193.jpg,1,2
369,Product 369,Toys,-0.8878540636152409,1.238323810923484,25,14/07/2025 17:16,0.05738469854643045,30/07/2025 07:35,17/11/2024 19:43,Wait home science thing community.,https://example.com/product369.jpg,6,3
473,Product 473,Books,0.5313541439994404,1.1015396826889259,19,24/06/2025 17:16,-1.3412140112852888,27/10/2024 10:54,19/10/2024 13:58,Likely hit Mrs hard believe of do.,https://example.com/product473.jpg,1,2
483,Product 483,Home & Kitchen,-1.4700069943869984,0.5715011857800132,11,26/09/2025 17:16,-1.498072661053965,21/08/2025 23:39,03/10/2024 10:03,Plant follow long school understand certain between raise stay part.,https://example.com/product483.jpg,4,0
501,Product 501,Books,-0.7263908435981892,0.4860111056334143,25,21/05/2025 17:16,-0.8761661201208881,06/11/2024 15:52,03/09/2025 13:41,Like science blue list range unit.,https://example.com/product501.jpg,1,2
287,Product 287,Sports,1.2374374027423678,-0.8305361286242077,35,28/09/2025 17:16,-0.72898157210006,14/02/2025 22:51,13/02/2025 23:42,Interview nearly analysis get establish focus car nation.,https://example.com/product287.jpg,5,0
335,Product 335,Electronics,0.41906311451790906,-1.3092805774451612,82,15/10/2025 17:16,-0.14991748176459513,12/01/2025 00:03,19/10/2024 03:11,Democrat we for wait pull notice spend man throughout.,https://example.com/product335.jpg,3,4
395,Product 395,Automotive,0.2643681209353608,-0.9673202568587659,89,07/10/2025 17:16,-0.7165434412813985,27/11/2024 14:06,18/02/2025 21:29,Field box design garden cover source.,https://example.com/product395.jpg,0,2
143,Product 143,Home & Kitchen,-0.8520132281779849,0.4518150735747748,35,03/09/2025 17:16,1.1021876873139995,22/05/2025 04:53,18/08/2025 03:48,Respond worker candidate them politics social.,https://example.com/product143.jpg,4,4
490,Product 490,Home & Kitchen,-1.173640715664052,0.7595793621025306,45,02/08/2025 17:16,1.0441430768269122,07/10/2024 03:44,13/12/2024 15:19,Reveal rest hand sense plant authority.,https://example.com/product490.jpg,4,4
73,Product 73,Sports,-0.9343941660928985,-1.4973587537676787,62,21/10/2025 17:16,-0.5693588932605702,10/11/2024 11:31,31/03/2025 21:45,Doctor lose ten how message seek picture.,https://example.com/product73.jpg,5,3
373,Product 373,Books,-0.9972737243063771,1.2041277788648446,17,10/07/2025 17:16,0.4885732335933637,04/06/2025 04:06,06/09/2025 03:02,Trial their product agency none technology will green poor.,https://example.com/product373.jpg,1,2
461,Product 461,Automotive,-1.0439847415929868,1.6144801635685189,26,24/05/2025 17:16,0.6240106580632337,13/01/2025 20:39,04/04/2025 14:42,Site market move teach skin condition manager summer development nation.,https://example.com/product461.jpg,0,2
42,Product 42,Sports,-1.619677092586355,-1.3776726415624403,162,19/10/2025 17:16,-0.05041243521530286,22/08/2025 03:04,18/12/2024 16:56,Song two laugh analysis space despite response trouble.,https://example.com/product42.jpg,5,3
392,Product 392,Automotive,1.5334105774047246,0.8792654743077689,41,19/07/2025 17:16,-1.4303539488190298,30/05/2025 20:06,07/09/2025 00:01,Create perhaps PM present least address city fly.,https://example.com/product392.jpg,0,2
37,Product 37,Automotive,0.9063925092830397,-1.104104385093324,45,29/09/2025 17:16,1.5727636366200275,18/04/2025 09:21,03/06/2025 01:26,Attorney physical site bank floor religious line.,https://example.com/product37.jpg,0,1
417,Product 417,Sports,-0.033826946243373325,-0.18081151951005658,26,02/09/2025 17:16,1.5078089534559063,25/03/2025 16:05,12/11/2024 17:10,Actually land without wish certainly.,https://example.com/product417.jpg,5,3
356,Product 356,Clothing,1.2333696302893076,0.4860111056334143,34,03/08/2025 17:16,-1.7053748413649905,19/03/2025 02:42,08/02/2025 12:30,Begin cost could ready behind election professor environmental run billion.,https://example.com/product356.jpg,2,2
357,Product 357,Books,1.0602500203017227,0.5031091216627341,37,22/05/2025 17:16,-0.6294765255507677,29/08/2025 15:48,11/12/2024 12:05,Culture care develop since rule develop leader.,https://example.com/product357.jpg,1,2
262,Product 262,Sports,-0.7102052111904252,-0.881830176712167,27,15/10/2025 17:16,-0.13817035821363702,28/08/2025 05:44,31/10/2024 19:08,Wonder market remember yourself moment physical yet business analysis figure.,https://example.com/product262.jpg,5,3
263,Product 263,Home & Kitchen,-1.2830603763551882,-0.24920358362733566,57,23/09/2025 17:16,-1.0302607408187505,16/06/2025 00:37,29/08/2025 07:58,Put cultural fill down other nothing husband executive.,https://example.com/product263.jpg,4,4
314,Product 314,Books,0.9800738834222915,-1.1383004171519635,59,03/10/2025 17:16,-0.16926568526029087,19/02/2025 23:53,12/03/2025 15:37,Everything start Republican start fine morning difficult should north security.,https://example.com/product314.jpg,1,1
21,Product 21,Electronics,0.10861345553730925,0.9818535704836876,31,27/07/2025 17:16,-0.6329315618892848,26/04/2025 06:46,17/12/2024 21:15,Main detail effect magazine successful that choice question perhaps.,https://example.com/product21.jpg,3,4
505,Product 505,Automotive,0.7446216426098746,-1.0015162889174054,87,02/10/2025 17:16,1.1954736684539609,14/01/2025 16:25,21/01/2025 08:44,Age protect budget generation cost rather accept.,https://example.com/product505.jpg,0,1
436,Product 436,Toys,0.6779819585994498,0.656991265926612,47,04/08/2025 17:16,-1.3453600548915094,24/05/2025 19:14,21/02/2025 17:19,Debate seem table business dog.,https://example.com/product436.jpg,6,0
405,Product 405,Clothing,-1.0015124115683893,-1.6512408980315565,113,30/09/2025 17:16,0.35728185272971413,31/07/2025 12:26,13/09/2025 18:54,Impact avoid window develop hot rest experience.,https://example.com/product405.jpg,2,1
375,Product 375,Electronics,-0.4749067937060651,-1.1383004171519635,57,26/10/2025 17:16,-1.3840564618829008,07/07/2025 10:35,14/07/2025 11:24,Military whether must support lot order.,https://example.com/product375.jpg,3,4
469,Product 469,Toys,0.5745784991834275,0.144050785047019,34,17/08/2025 17:16,0.33862465650172185,22/08/2025 14:54,24/03/2025 14:28,General career too provide six similar sound.,https://example.com/product469.jpg,6,3
134,Product 134,Clothing,1.5304195682480628,-0.48857580803781236,43,23/09/2025 17:16,0.29163616229788936,12/10/2024 12:20,20/08/2025 00:04,Or she mother contain.,https://example.com/product134.jpg,2,1
